all,sb,arm,drive
-7.437,-7.437,-0.176,-22.593
-22.593,-7.985,-5.796,-31.704
-7.985,-6.735,-5.16,-22.639
-31.704,-11.393,-0.199,5.071
-0.732,-1.767,-2.205,-30.915
-6.735,-7.906,-3.457,-24.866
-22.639,-8.893,-8.399,-12.874
-0.176,-1.361,-2.411,1.877
-11.393,-1.254,-0.52,-8.835
-1.767,-0.956,-10.759,-31.196
5.071,-0.995,-2.097,-19.59
-7.906,-1.256,0.05,-22.832
-5.796,-1.344,-8.58,-18.31
-8.893,-1.368,-23.24,-15.998
-1.361,0.24,-2.117,-14.352
-1.254,-3.545,-4.282,-104.787
-0.956,-2.015,-1.363,-22.483
-0.995,-0.639,-4.436,-16.152
-1.256,-2.803,-86.136,-19.016
-1.344,-13.391,-14.979,-24.915
-1.368,-10.467,-8.396,-63.392
0.24,-7.595,-5.511,-19.448
-30.915,-10.122,-9.033,-16.251
-3.545,-2.032,-1.15,-16.482
-24.866,-8.759,-9.051,-19.924
-2.015,-6.657,-2.219,-10.635
-0.639,-15.623,-2.832,-15.626
-2.803,-5.892,-13.699,-15.631
-12.874,-3.713,-1.912,-28.112
-13.391,-4.429,-25.238,-20.793
-10.467,-13.689,-0.398,-37.491
1.877,-66.166,-1.107,-42.646
-1.15,-5.347,-2.522,8.09
-7.595,-0.422,-8.12,-30.828
-10.122,-10.573,-85.055,-24.169
-5.16,-5.768,-0.17,-11.71
-0.199,-8.339,-16.822,-21.895
-2.032,-15.902,-7.46,-22.676
-8.835,-2.488,-2.147,-47.696
-31.196,-1.231,-0.175,-16.454
0.018,-9.646,-6.705,-56.84
-8.759,-0.36,-7.496,-23.097
-2.205,-3.993,-6.741,-14.623
-6.657,-6.066,-36.571,-17.49
-19.59,-9.244,-0.334,-18.792
-15.623,-8.736,-9.647,-12.104
-5.892,-3.379,-0.85,-19.684
-3.713,-11.527,-26.898,-30.449
-4.429,-6.718,-18.384,-37.311
-22.832,-5.979,-0.759,-22.66
-13.689,-5.591,-0.171,-21.416
-66.166,-3.618,-9.552,-35.742
-5.347,-4.169,-1.059,-15.285
-0.422,-2.525,-4.658,-6.286
-3.457,-2.515,-10.491,-21.53
-0.516,-5.081,-3.149,-76.482
-8.399,-3.451,-0.195,-21.603
-2.411,-8.11,-7.051,-36.834
-18.31,-1.404,-0.169,-11.345
-10.573,-5.462,-8.812,-48.173
-5.768,-0.932,-17.194,-18.727
-8.339,-2.09,-0.511,-32.569
-15.998,-8.681,-26.363,-28.387
-0.52,-7.221,-18.016,-11.627
-15.902,-2.532,-7.6,-13.123
-2.488,-3.266,-6.18,-21.812
-1.231,-0.355,-6.9,-40.113
-9.646,-4.771,-2.427,-20.511
-10.759,-0.36,-0.861,-10.126
-0.36,-0.061,-5.721,-59.595
-3.993,-0.283,-22.701,-11.733
-6.066,-2.36,-1.304,-12.413
-2.097,-0.814,-2.25,-23.404
-9.244,-14.795,-8.303,12.455
0.05,-5.666,-17.699,-19.581
-14.352,-0.458,-3.488,-26.563
-8.58,-10.408,-21.267,-33.873
-8.736,-10.49,-8.49,-22.131
-0.693,0.023,-9.92,-12.036
-4.947,1.46,-15.509,-11.135
-23.24,-0.908,-4.582,-11.335
-3.379,-1.358,-10.166,-21.575
-11.527,-0.496,-4.264,-0.939
-6.718,-0.442,-6.173,-15.104
-1.033,-1.419,-6.48,-17.072
-5.979,-2.16,-17.754,-19.409
-9.232,-1.918,-4.515,1.727
-2.117,-7.217,-26.93,-11.487
-5.591,-2.852,0.607,-13.522
-10.933,-5.002,-48.327,-39.021
-4.282,-8.226,-4.422,-23.071
-3.618,-1.116,-15.069,-22.229
-1.363,-1.037,-2.429,-18.867
-4.169,-11.899,-22.894,1.354
-2.525,-3.839,-3.258,-12.429
3.266,-12.332,-13.337,-19.41
-186.951,-5.332,-9.117,-4.977
-0.455,-6.772,-11.173,-40.723
-2.515,-3.262,-6.258,-20.408
-5.385,-8.409,-9.241,-27.635
-5.081,-3.34,-11.074,-8.288
-3.451,-10.224,-16.682,9.616
-4.436,-15.167,-11.723,-6.92
-0.692,-3.247,-12.163,-27.206
-8.11,-3.187,-23.492,12.475
-1.404,-17.97,-40.221,-25.871
-0.922,-5.031,-6.396,5.843
-5.462,-15.319,-11.415,-18.595
-8.784,0.405,-11.606,-74.138
-0.932,-1.07,-3.745,-17.487
-2.09,-2.484,0.391,-25.818
-26.225,-3.468,-20.79,-8.461
-7.011,-4.033,-1.119,-9.797
-8.681,-10.571,0.032,-21.443
-27.586,-0.824,-3.314,-30.716
-7.221,-0.706,-0.454,-18.628
-2.532,-1.971,-23.395,-5.411
-3.266,0.086,-15.705,-26.097
-0.355,-0.946,1.953,-21.708
-4.771,-6.864,-4.826,24.717
-86.136,0.396,-0.248,-170.253
-14.979,-3.733,-11.8,-12.398
-0.36,-1.017,-6.724,-35.005
-0.566,-2.405,-0.301,-11.063
-1.133,-1.948,-9.239,-10.75
-104.787,-6.751,0.525,-49.338
-8.396,-2.988,-2.589,-9.539
-0.994,-11.954,-3.368,-25.623
-0.061,-29.636,-1.146,-52.388
-0.283,-4.995,-7.558,-49.113
-1.032,-6.842,-1.136,-14.845
-2.36,0.854,-3.562,-15.25
-0.814,-1.501,-0.709,-24.458
-14.795,-8.031,-11.224,-32.792
-5.666,-0.451,-2.376,-23.174
-5.511,-0.363,-18.983,-37.446
-9.033,-0.601,0.396,-17.252
-22.483,-5.594,-0.942,-20.173
-1.15,-18.368,-10.24,-12.42
-0.458,-0.404,-29.362,-28.548
-10.408,-0.011,-6.344,-31.708
-16.152,-0.401,3.012,-23.33
-0.653,-0.602,-0.625,-50.049
-10.49,-9.406,-5.858,-20.444
0.023,-2.997,-17.741,-26.45
-1.03,-12.385,-2.632,1.643
-1.146,-3.241,-4.607,-20.892
1.46,-6.188,-9.374,7.073
-1.148,-0.382,-3.178,-12.268
-0.908,-5.553,-5.162,-20.952
-1.358,-15.313,-9.301,-28.658
-1.146,-6.872,0.375,-29.164
-0.496,-4.59,-3.921,-19.282
-1.144,-2.858,-16.613,-27.438
-0.442,0.308,1.177,-23.454
-1.147,0.258,-1.4,14.464
-1.035,-2.814,-3.658,-17.133
-1.419,-10.994,-6.941,-19.41
-1.147,-13.742,-40.105,-16.644
-2.16,-11.759,-11.859,-17.829
-1.918,0.051,-1.874,-19.406
-9.051,0.098,3.458,-15.823
-2.219,-14.514,-1.036,-30.318
-2.832,-2.507,-6.894,-28.776
-7.217,-48.787,-19.084,-12.302
-2.852,-15.462,-0.309,11.198
-13.699,-0.424,-0.993,-18.928
-1.912,-6.757,-0.142,-11.495
-5.002,-0.627,-1.517,-20.706
-25.238,-2.147,-16.009,-19.224
-0.112,-13.88,-52.611,6.783
-0.398,-5.26,-14.261,-15.183
-8.226,0.882,-4.422,-13.683
-19.016,-1.286,-5.677,15.718
-1.107,-7.148,-1.012,-35.034
-2.556,-1.345,0.106,-17.261
-2.522,-0.775,0.951,30.842
-8.12,-2.416,-8.348,14.16
-1.116,-0.811,-2.419,15.479
-1.037,-0.77,-0.964,-50.83
-85.055,-0.352,-1.786,18.583
-11.899,-0.868,-5.323,-66.66
-3.839,-0.628,-11.279,-38.966
-24.915,-0.787,-6.48,-30.488
-0.17,-6.315,0.74,1.73
-16.822,-9.862,-10.9,12.654
-12.332,-1.747,-25.106,-10.066
-63.392,-6.096,-21.513,13.881
-7.46,-14.554,-3.415,12.729
-2.147,-9.675,-5.351,-22.736
-5.332,-11.875,-40.295,-36.936
-19.448,-5.338,-54.938,-7.773
-0.175,-3.508,-12.476,-8.09
-16.717,-3.958,-0.912,-27.405
-6.705,-17.594,9.554,-26.561
-6.772,-8.661,-1.417,-7.501
-16.251,-5.295,-27.299,-22.521
-3.262,-9.222,-90.237,-14.816
-7.496,0.388,-19.397,-32.032
-8.409,-5.565,-2.61,-16.403
-16.482,-12.069,-4.873,-17.983
-3.34,-14.372,-1.321,-9.275
-10.224,-6.31,2.917,-15.012
-15.167,-7.712,-39.365,-36.98
-6.741,-2.33,-132.789,-29.878
-3.247,-4.995,-62.274,-79.646
-36.571,-14.107,-35.907,-23.857
-3.187,-4.158,-8.309,-16.753
-19.924,-0.509,-0.78,-22.941
-0.334,-1.869,-14.733,-16.636
-17.97,-0.795,-1.037,14.617
-9.647,-0.16,-2.353,11.921
-5.031,-0.375,-1.068,-25.76
-10.635,0.904,-8.507,-21.589
-15.319,3.015,-1.279,-30.774
-0.85,-1.521,-31.195,-32.554
0.405,-1.557,-18.863,-12.746
-15.626,-8.033,-8.451,-22.14
-1.07,-11.317,-16.842,-25.179
-26.898,-3.367,0.428,-30.378
-2.484,-0.015,-37.664,-29.257
-18.384,-4.631,14.13,-7.977
-0.759,-5.646,-0.736,
-3.468,-1.952,-19.996,
-15.631,-0.962,-1.487,
-0.171,-1.065,-12.416,
-4.033,-3.69,-22.46,
-9.552,-11.651,-1.894,
-10.571,-3.756,-9.007,
-28.112,-6.063,-12.885,
-1.059,-9.331,0.218,
-0.824,-0.089,-6.347,
-0.706,-11.104,-3.816,
-1.971,-15.485,-0.662,
0.086,-7.561,9.671,
-4.658,-10.208,-9.318,
-0.946,-0.593,-16.827,
-9.377,-2.642,-4.096,
-20.793,-12.982,-12.066,
-6.864,-2.665,-6.263,
0.396,-3.881,-8.221,
-3.733,1.413,-6.273,
-1.017,-3.481,-9.498,
-10.491,-4.427,-19.908,
-2.405,-9.812,-1.378,
-3.149,-4.226,-8.09,
-37.491,-8.919,-10.734,
-0.195,-8.112,-3.485,
-1.948,-12.18,-7.842,
-7.051,-8.559,-2.912,
-6.751,-0.531,-2.91,
-42.646,-2.318,-5.773,
-0.169,-19.355,-1.865,
-2.988,-8.449,-7.811,
-8.812,-7.436,-12.928,
-11.954,-5.264,-4.442,
-29.636,0.719,-1.12,
-0.98,-6.386,-12.814,
-4.995,-14.64,-2.947,
-1.376,-3.323,-20.954,
-6.842,-13.363,-9.013,
-17.194,-11.595,-3.937,
-6.281,-20.579,-31.263,
-0.511,-15.233,-7.22,
-26.363,-7.723,-14.975,
0.854,-2.276,-2.646,
0.474,-8.015,-7.397,
-1.501,-5.201,-24.653,
-8.031,-12.188,-2.023,
-18.016,-5.221,-5.55,
-0.451,-12.739,-251.409,
-7.6,-4.335,-32.65,
-6.18,-10.619,-3.118,
-0.363,-6.447,-9.047,
-0.601,-2.831,-3.542,
-6.9,-3.623,-259.921,
-5.594,-11.669,-23.076,
-18.368,-5.155,-24.965,
-0.404,-11.931,-10.626,
-0.011,-6.705,-3.189,
-4.83,-4.402,-1.089,
-0.401,-13.179,-9.803,
-0.602,-5.215,-9.008,
-2.427,-9.436,-2.428,
-9.406,-2.19,-2.707,
8.09,-7.166,-15.764,
-0.024,-2.733,-1.039,
-2.997,-2.009,-3.219,
-0.861,-2.569,-2.231,
-30.828,-6.406,-1.521,
-12.385,-2.927,-2.929,
-3.241,-2.348,-1.371,
-5.721,-5.495,-12.456,
-6.188,-6.388,-6.128,
-22.701,-2.865,-3.948,
0.003,-5.949,-15.698,
-0.382,-8.815,-1.007,
-5.553,-11.933,-15.768,
-24.169,-1.696,-4.068,
-1.304,-1.388,-0.837,
-15.313,-6.454,-12.797,
-2.25,-12.089,-11.764,
-8.303,-2.242,-0.42,
-17.699,-4.673,-0.977,
-6.872,-7.7,-9.23,
-11.71,-4.061,-8.475,
-4.59,-2.606,-1.947,
-3.954,-3.754,-4.668,
-2.858,-3.276,-0.552,
-21.895,-2.454,-1.95,
0.308,-0.574,-1.916,
0.258,-3.544,-14.172,
-3.947,-5.661,-7.207,
-2.814,-4.975,-5.687,
-22.676,-6.778,-1.017,
-10.994,-4.548,-1.56,
-0.627,-1.519,-6.785,
-0.628,-2.684,-26.686,
-13.742,-2.258,-9.462,
-11.759,0.864,-3.516,
-3.488,-3.997,-166.975,
0.051,-1.741,-15.907,
-0.874,0.896,-15.239,
-21.267,-5.287,2.272,
-47.696,-5.708,-5.024,
-8.49,-12.177,-4.544,
0.098,-9.703,-27.195,
-16.454,1.432,-1.418,
-14.514,-7.32,-1.624,
-2.507,-3.749,-2.212,
-9.92,-0.943,-14.334,
-0.556,-1.396,12.013,
-15.509,-6.556,-8.963,
-0.528,-6.375,-7.051,
-48.787,-2.736,0.389,
-15.462,-0.281,-2.58,
-56.84,-0.556,-17.422,
10.523,-5.805,-21.537,
-4.582,-4.206,-12.489,
-0.424,-19.881,1.221,
-6.757,-5.373,-4.544,
-10.166,-0.454,-0.91,
-0.627,-7.808,-24.042,
-0.638,4.489,-3.449,
-1.608,-2.775,-0.527,
-0.095,-12.37,-196.346,
-0.566,-4.762,-19.551,
-0.347,-3.746,-26.282,
-0.767,-2.987,-2.683,
-4.264,-6.61,-2.635,
-2.147,-5.99,-1.196,
-0.794,-2.593,-4.463,
-0.752,-2.963,-0.792,
-0.421,-2.646,-26.424,
-1.164,-6.693,-202.154,
-0.769,-2.353,-21.269,
-0.768,0.335,-4.302,
-13.88,-2.898,-4.243,
-0.069,-4.427,-3.431,
-0.802,-0.762,-16.795,
-0.45,-3.014,-1.277,
-5.26,-4.448,-25.09,
0.882,-9.184,-0.896,
-1.286,-4.76,-137.572,
-7.148,-2.052,-14.993,
-1.345,-7.442,-2.421,
-0.775,-7.907,-3.269,
-2.416,-29.109,0.511,
-0.811,-76.492,-96.381,
-0.77,-0.782,-20.46,
-6.173,-3.383,-8.841,
-0.352,-2.81,-5.809,
-0.868,-2.246,-1.488,
-0.628,-3.514,-19.103,
-0.787,-4.566,-5.96,
-6.315,-31.531,-0.538,
-23.097,-0.955,-4.035,
-6.48,-1.217,-5.612,
-9.862,-9.682,-1.095,
-0.072,0.195,-2.122,
-1.747,-4.176,-0.343,
-17.754,-2.604,28.381,
-6.096,-8.739,-9.683,
-14.623,-10.87,-4.31,
-14.554,-4.495,-0.977,
-4.515,-3.312,-11.544,
-26.93,-1.051,-1.149,
-9.675,-0.511,-0.865,
-17.49,-9.925,-37.78,
-11.875,-7.183,-152.607,
-5.338,-6.022,-21.548,
-3.508,-3.015,3.489,
0.607,-11.68,-5.877,
0.094,-2.576,-27.802,
-48.327,-1.574,-2.595,
-0.116,-1.911,-5.476,
-18.792,-3.502,-0.255,
-3.958,-11.173,-7.046,
-12.104,-5.331,-6.223,
-4.422,-6.767,-3.56,
-17.594,0.615,-3.692,
-13.19,-12.898,-1.51,
-8.661,-12.119,-1.046,
-0.338,-5.177,-3.269,
-0.524,-2.943,-6.801,
-15.069,-6.947,0.894,
-0.461,-4.11,-1.051,
-2.429,-15.74,-1.092,
-5.295,-0.8,-3.341,
-22.894,-7.711,-5.523,
-0.493,-6.167,-3.775,
-3.258,-4.157,-138.247,
-0.568,-1.583,-21.194,
-13.337,-0.543,3.142,
-19.684,-0.546,-3.526,
-9.222,-3.845,-4.991,
0.388,-11.277,-15.341,
-9.117,-1.181,-3.502,
-3.165,-48.756,-2.988,
-3.165,-3.107,-3.938,
-11.173,-3.54,-12.991,
-5.565,-6.364,-3.668,
-30.449,-1.937,-0.205,
-37.311,-10.921,-2.854,
-12.069,-3.963,-3.06,
-22.66,-0.958,-7.242,
-14.372,-1.056,0.012,
-6.31,-4.557,-1.637,
-6.258,-2.081,-6.928,
-2.846,-4.112,-1.586,
-7.712,-1.194,-8.152,
-14.616,-9.01,-0.769,
-21.416,-2.248,-5.989,
-2.33,-5.928,0.494,
-4.995,-0.791,-38.275,
-35.742,-10.395,-0.443,
-5.972,-0.1,-17.994,
-14.107,-5.199,0.228,
-4.158,-6.11,-0.802,
-9.241,-0.718,-5.164,
-9.89,-2.198,-2.459,
-0.509,-0.375,-5.279,
-15.285,0.733,-25.006,
-11.074,-8.895,-8.597,
-1.869,-13.658,-1.535,
-0.795,0.02,-5.455,
-0.16,-3.447,-12.908,
-0.375,-2.309,-3.082,
0.904,-4.509,0.725,
3.015,-85.487,-2.575,
-16.682,-7.68,-2.58,
-11.723,-0.81,-2.572,
-1.521,-35.782,-38.39,
-12.163,-1.382,-2.737,
-23.492,-2.007,-89.581,
-1.557,-6.834,-13.832,
-40.221,-11.46,-0.277,
-8.033,-2.872,-26.304,
-11.317,-15.821,-8.952,
-3.367,-5.759,-5.168,
-0.931,-4.467,-4.921,
-6.396,-3.039,-1.289,
-1.883,-2.167,-4.457,
-0.015,-5.69,-12.359,
-4.631,-2.506,-90.91,
-5.646,-1.917,-8.629,
-1.952,-7.7,-20.409,
-0.723,-3.095,-3.609,
-2.075,-0.694,-2.842,
-0.962,-0.233,-7.603,
-11.415,-3.169,,
-1.065,-3.158,,
-3.69,-1.501,,
-6.286,-11.43,,
-11.651,-8.462,,
-3.756,-3.246,,
-6.063,-42.935,,
-11.606,-0.413,,
-0.85,-4.677,,
-21.53,-4.088,,
-9.331,-6.562,,
-0.089,-9.09,,
-11.104,-3.784,,
-76.482,-6.802,,
-15.485,-4.254,,
-7.561,-9.878,,
-21.603,0.671,,
-3.745,-1.189,,
-10.208,-9.738,,
-0.593,-8.178,,
-2.642,-16.265,,
-12.982,-1.347,,
0.391,-2.196,,
-16.797,-6.357,,
-36.834,-4.926,,
-2.665,-7.719,,
-3.881,-0.408,,
1.413,-30.585,,
-20.79,-2.937,,
-3.481,-25.016,,
-4.427,-11.515,,
-11.345,7.596,,
-9.812,-2.619,,
-4.226,0.816,,
-48.173,-3.728,,
-8.919,-3.597,,
-8.112,-5.354,,
-18.727,11.558,,
-1.119,-7.643,,
-12.18,-1.979,,
-8.559,-7.951,,
-0.531,-1.61,,
-1.256,-0.557,,
-2.318,-2.656,,
-19.355,-6.358,,
0.032,-0.519,,
-32.569,-12.63,,
-8.449,-0.984,,
-7.436,-0.894,,
-3.314,-0.857,,
-5.264,-4.0,,
-28.387,-19.815,,
0.719,-1.319,,
-6.386,-5.08,,
-11.627,-1.361,,
-14.64,0.647,,
-0.454,-3.401,,
-3.323,-32.715,,
-13.123,-6.853,,
-13.363,-7.021,,
-11.595,-9.355,,
-23.395,-6.066,,
-20.579,-1.72,,
-15.233,2.18,,
-15.705,-7.478,,
-7.723,-2.694,,
-9.312,-4.086,,
-2.276,-0.839,,
-21.812,-2.167,,
-8.015,-6.406,,
-5.201,-3.719,,
-40.113,-9.473,,
-12.188,-1.617,,
1.953,-3.118,,
-5.221,-2.436,,
-20.511,-2.007,,
-12.739,-1.857,,
-2.193,-3.71,,
-4.826,-9.382,,
-4.335,-5.769,,
-10.126,-2.512,,
-10.619,-18.996,,
-6.447,1.169,,
-0.248,-3.186,,
-11.8,-1.696,,
-6.724,-2.653,,
-2.831,-6.941,,
-0.301,-0.981,,
-3.623,-2.185,,
-9.239,-9.533,,
0.525,-6.04,,
-11.669,-3.382,,
-59.595,-5.623,,
-4.737,-1.703,,
-8.867,-4.593,,
-2.589,0.249,,
-5.155,-3.92,,
-11.733,-4.333,,
-6.479,-3.016,,
-2.429,-10.111,,
-4.127,-3.863,,
-11.931,-7.223,,
-3.368,-2.238,,
-0.946,-1.072,,
-6.705,-2.022,,
-4.402,-9.171,,
-12.413,-1.408,,
-0.657,-3.439,,
-1.146,-5.147,,
-13.179,-1.282,,
-5.215,0.8,,
-9.436,-3.024,,
-2.925,-0.712,,
-7.558,-3.423,,
-1.136,-4.427,,
-2.19,-19.806,,
-23.404,-49.243,,
-1.343,-42.319,,
-7.166,-1.35,,
-2.733,-1.964,,
-3.562,-2.732,,
-2.009,-3.864,,
-2.569,-4.631,,
12.455,-22.29,,
-6.406,-0.465,,
-0.709,-5.191,,
-2.927,-10.886,,
-19.581,-11.945,,
-2.348,-2.96,,
-5.495,-2.268,,
-11.224,-7.89,,
-6.388,-4.244,,
-26.563,1.536,,
-2.865,-2.636,,
-5.949,-11.083,,
-8.815,-3.083,,
-33.873,-13.425,,
-11.933,-3.89,,
-1.696,2.568,,
-1.388,-3.604,,
-6.454,-10.156,,
-22.131,-3.364,,
-2.376,-3.298,,
-12.089,-3.117,,
-2.242,-3.265,,
-4.673,-3.4,,
-18.983,-1.581,,
0.396,-0.921,,
-7.7,-5.192,,
-12.036,-7.27,,
-4.061,-10.113,,
-2.606,-4.334,,
-11.135,-8.663,,
-0.942,-12.113,,
-3.754,-10.61,,
-3.276,-0.386,,
-10.24,-8.386,,
-29.362,-6.608,,
-2.454,-9.235,,
-6.344,-7.733,,
-0.574,-2.179,,
3.012,-3.163,,
-3.544,-2.912,,
-11.335,-12.373,,
-6.643,-17.8,,
-5.661,-1.63,,
-21.575,-14.084,,
-10.796,-3.398,,
-0.625,-5.459,,
-4.975,-33.791,,
-0.939,-5.858,,
-11.205,-0.848,,
-6.778,-0.104,,
-15.104,-2.683,,
-22.051,-0.109,,
-5.858,-0.11,,
-4.548,-0.096,,
-17.072,-0.092,,
-1.012,-0.052,,
-1.017,-0.117,,
-1.519,-0.11,,
-19.409,-7.516,,
-2.684,-1.722,,
-2.258,-8.773,,
-17.741,0.171,,
0.864,-1.003,,
-2.632,-10.187,,
-3.997,-6.289,,
1.727,-9.393,,
-4.256,-3.346,,
-4.607,-8.174,,
-1.741,-6.524,,
-11.487,-4.923,,
-0.404,-8.124,,
0.896,-2.697,,
-5.287,-7.489,,
-13.522,-8.675,,
-0.89,-3.992,,
-5.708,-0.631,,
-9.374,-5.3,,
-0.742,-3.625,,
-13.698,-0.353,,
-39.021,-7.582,,
-12.177,-5.003,,
-3.178,-0.966,,
-9.703,-9.658,,
-23.071,-7.475,,
1.768,-10.324,,
1.432,-4.325,,
-7.32,-15.751,,
-5.162,-4.87,,
-3.749,-11.777,,
-0.943,-0.239,,
-22.229,-0.46,,
-1.396,-2.459,,
-6.556,-3.265,,
-9.301,-3.246,,
0.375,-1.015,,
-6.375,-10.194,,
-18.867,-1.386,,
-2.736,-1.254,,
-0.281,-3.839,,
-0.556,-0.442,,
-3.921,-3.049,,
-5.805,-3.766,,
1.354,-3.004,,
-4.206,-0.49,,
-19.881,-4.833,,
-11.671,-0.486,,
-16.613,-0.5,,
-0.267,-1.353,,
-5.373,-2.402,,
-0.454,-6.701,,
-0.07,-2.665,,
1.177,-2.436,,
-1.4,-0.582,,
-7.808,-6.777,,
4.489,-4.208,,
-2.775,-8.319,,
-12.429,-0.09,,
-12.37,-2.377,,
-3.658,-1.686,,
-4.762,-2.721,,
-19.41,-3.181,,
-6.941,-6.711,,
-3.746,-2.913,,
-4.977,-4.621,,
-1.059,-20.071,,
-2.987,-1.907,,
-40.105,-3.887,,
-6.61,-8.096,,
-11.859,-2.312,,
-40.723,-5.88,,
-5.99,-1.824,,
-20.408,-2.745,,
-8.157,-2.291,,
-2.593,-0.979,,
-1.874,-1.816,,
-2.963,-1.7,,
-27.635,-0.03,,
-12.226,-4.472,,
-2.646,-0.475,,
-8.288,-6.981,,
-10.7,-5.429,,
-6.693,-2.931,,
-2.353,-9.733,,
0.335,-2.663,,
-2.898,-1.584,,
-4.427,-4.096,,
-0.762,-0.152,,
-3.014,-8.158,,
-4.448,-8.771,,
-0.822,-4.104,,
-9.184,-1.115,,
3.458,-10.685,,
-1.036,-8.403,,
9.616,-2.443,,
-6.894,-0.174,,
-4.76,-5.237,,
-6.92,-4.779,,
-2.052,-56.771,,
-7.442,-1.251,,
-7.907,-6.191,,
-29.109,-1.092,,
-19.084,-20.568,,
-0.309,-4.253,,
-76.492,-1.78,,
-0.782,-2.794,,
-27.206,-3.499,,
-0.993,-9.054,,
-3.383,-0.942,,
12.475,-4.685,,
-2.81,-3.29,,
-25.871,-3.707,,
-0.142,-2.875,,
-2.246,-2.02,,
-2.318,-2.151,,
-1.517,-4.6,,
-3.514,-1.116,,
5.843,-4.256,,
-2.916,-5.241,,
-4.566,-0.487,,
-18.595,-0.437,,
-31.531,-1.118,,
-0.955,-1.49,,
-1.217,-0.956,,
-16.009,-1.578,,
-9.682,-16.335,,
0.195,2.566,,
-52.611,-2.181,,
-74.138,-1.445,,
-14.261,-7.499,,
-17.487,-0.19,,
-9.102,-9.176,,
-4.176,-1.108,,
-25.818,-5.199,,
-4.422,-6.189,,
-2.604,-7.831,,
-8.461,-9.417,,
-5.677,-14.593,,
-8.739,-2.601,,
-9.797,-7.455,,
-10.87,-6.211,,
-4.495,-4.989,,
-3.312,-4.422,,
-1.012,-5.636,,
-5.783,-2.024,,
-21.443,-1.24,,
0.106,-8.192,,
-1.051,-0.834,,
-30.716,-14.161,,
-0.511,-6.028,,
0.951,-11.246,,
-9.925,-4.982,,
-7.183,-0.823,,
-18.628,-11.134,,
-6.022,-3.522,,
-1.021,-5.413,,
-3.015,-6.07,,
-11.68,-9.368,,
-8.348,-10.792,,
-2.419,-3.392,,
-2.576,-5.33,,
-0.964,-6.018,,
-1.786,-0.537,,
-1.574,-10.672,,
-5.411,-15.923,,
-1.911,-5.699,,
-3.502,-1.113,,
-1.959,-4.427,,
-5.323,-5.563,,
-11.173,-1.733,,
-26.097,-3.199,,
-5.331,-13.69,,
-6.767,-0.832,,
0.615,-6.264,,
-12.898,-1.561,,
-12.119,-2.465,,
-5.177,-2.909,,
-2.943,-4.466,,
-6.947,-6.525,,
-4.11,-5.459,,
-15.74,-0.984,,
-8.369,-8.637,,
-0.8,-9.566,,
-7.711,29.897,,
-11.279,-21.436,,
-6.167,-0.252,,
-4.157,2.509,,
-1.583,-1.595,,
-6.48,-3.761,,
0.74,-3.408,,
-0.543,-7.907,,
-21.708,-0.53,,
-0.546,-1.012,,
-10.9,-1.5,,
-3.845,-0.706,,
24.717,-1.47,,
-41.233,-1.398,,
-11.277,-7.554,,
-25.106,-3.187,,
-1.181,-8.192,,
-21.513,-2.97,,
-48.756,-2.288,,
-170.253,-3.837,,
-1.409,-8.188,,
-3.107,-4.811,,
-12.398,-1.84,,
-6.94,-4.353,,
-3.54,0.293,,
-35.005,-2.529,,
-3.415,-5.912,,
-6.364,-1.853,,
-11.063,-10.487,,
-5.347,-8.332,,
-5.351,0.222,,
-1.937,-7.878,,
-10.75,-11.989,,
-9.166,-11.056,,
-10.921,-0.213,,
-40.295,-3.147,,
-3.963,-0.314,,
-54.938,-5.396,,
-12.476,-4.424,,
-6.478,-3.522,,
-49.338,-12.547,,
-0.958,-2.792,,
-0.912,-6.124,,
-1.056,-5.143,,
-9.539,-3.649,,
-4.557,-7.915,,
9.554,-0.098,,
-25.623,-6.44,,
-2.081,-3.81,,
-1.417,-3.176,,
-8.492,-2.861,,
-27.299,-2.74,,
-90.237,-6.453,,
-1.019,-6.941,,
-4.112,-11.704,,
-19.397,-6.719,,
-1.194,-6.146,,
-9.01,-0.972,,
-2.248,-3.844,,
-5.928,-2.68,,
-52.388,-3.751,,
-0.791,-8.305,,
-10.395,-4.008,,
-0.1,-9.199,,
-5.199,-3.22,,
-2.61,0.342,,
-49.113,-10.648,,
-6.11,-3.279,,
-0.718,0.22,,
-4.873,-10.074,,
-2.198,-2.12,,
-14.845,-7.04,,
-0.375,-1.202,,
0.733,-7.4,,
-8.895,-4.769,,
-1.321,-4.531,,
-15.25,-4.21,,
0.281,-10.181,,
-13.658,-3.726,,
0.02,-9.026,,
-3.447,-10.038,,
2.917,-3.251,,
-39.365,-10.126,,
-2.309,-4.508,,
-3.358,-4.672,,
-4.509,-4.088,,
-132.789,-0.048,,
-62.274,-0.746,,
-85.487,-1.28,,
-0.762,-0.786,,
-0.99,-3.935,,
-35.907,-3.612,,
-1.023,-0.581,,
-7.68,-1.607,,
-0.81,-6.058,,
-35.782,-1.758,,
-8.309,-5.609,,
-23.753,-0.497,,
-22.287,-3.949,,
-0.78,-8.745,,
-1.382,-0.174,,
-24.458,-3.388,,
-2.007,-8.783,,
-14.733,-3.399,,
-1.037,-3.595,,
-6.834,-3.251,,
-11.46,-32.12,,
-1.158,-6.366,,
-2.872,-7.455,,
-32.792,-8.147,,
-15.821,-8.789,,
-2.353,-4.891,,
-23.174,-3.848,,
-1.068,-1.88,,
-5.2,-7.534,,
-5.759,-8.043,,
-8.507,-9.012,,
-1.279,-7.304,,
-4.467,-0.591,,
-37.446,-9.649,,
-3.039,-9.909,,
-31.195,-3.842,,
-2.167,-16.234,,
-0.238,-3.242,,
-5.69,-7.324,,
-17.252,-5.4,,
-2.506,-8.054,,
-1.917,-5.57,,
-18.863,-1.299,,
-7.7,-10.728,,
-3.095,-3.717,,
-20.173,-13.619,,
-4.204,-8.256,,
-8.451,-8.458,,
-0.694,-7.042,,
-0.233,-12.974,,
-16.842,-4.948,,
-1.023,-5.411,,
-1.355,-1.825,,
0.428,-8.84,,
-3.169,-3.368,,
-37.664,-0.607,,
1.885,-0.55,,
-1.023,-11.715,,
-1.023,-12.054,,
-3.158,-13.895,,
14.13,-4.004,,
-1.501,-0.579,,
-11.43,-11.258,,
-36.232,-6.086,,
-4.725,-0.536,,
-8.462,-4.391,,
-0.736,-9.221,,
-3.246,-0.195,,
-12.42,-2.959,,
-42.935,-1.104,,
-0.413,0.854,,
-4.677,-0.346,,
-4.088,-0.345,,
-28.548,-8.881,,
-6.562,-0.203,,
-19.996,-2.212,,
0.094,-6.518,,
-9.09,-8.069,,
-3.784,-6.563,,
-31.708,-6.832,,
-3.278,-8.077,,
-6.802,-1.226,,
-1.487,-8.837,,
-20.976,-1.85,,
-12.416,-3.956,,
-4.254,-1.58,,
-0.589,-9.247,,
-9.878,-0.205,,
-22.46,-4.185,,
0.671,-2.318,,
-1.028,-0.865,,
-3.343,-4.62,,
-22.735,-3.347,,
-3.498,-0.334,,
-1.189,-13.042,,
-1.894,-16.565,,
-9.738,-0.922,,
-8.178,-9.225,,
-16.265,-2.239,,
-9.007,-4.952,,
-1.347,-0.292,,
-2.196,-1.81,,
-12.885,-2.778,,
-6.357,-0.805,,
0.218,-0.164,,
-4.926,-7.35,,
-18.297,-11.606,,
-0.604,,,
-7.719,,,
-6.347,,,
-3.37,,,
-0.408,,,
-30.585,,,
-1.016,,,
-2.937,,,
-1.347,,,
-0.983,,,
-25.016,,,
-11.515,,,
-1.078,,,
7.596,,,
-2.619,,,
-23.33,,,
-3.816,,,
-1.895,,,
-0.462,,,
-0.988,,,
0.816,,,
-3.728,,,
-0.99,,,
-3.597,,,
-0.166,,,
-5.354,,,
11.558,,,
-7.643,,,
-0.993,,,
-1.979,,,
-7.951,,,
-1.61,,,
-0.991,,,
-0.557,,,
-0.463,,,
-2.656,,,
-0.662,,,
-6.358,,,
9.671,,,
-0.519,,,
-5.661,,,
-1.551,,,
-1.123,,,
-12.63,,,
-9.318,,,
-16.827,,,
-0.984,,,
-0.894,,,
-4.096,,,
-0.857,,,
-4.0,,,
-19.815,,,
-1.319,,,
-5.08,,,
-12.066,,,
-1.361,,,
0.647,,,
-50.049,,,
-3.401,,,
-32.715,,,
-6.263,,,
-6.853,,,
-8.221,,,
-7.021,,,
-9.355,,,
-6.273,,,
-9.498,,,
-342.399,,,
-6.066,,,
-1.72,,,
2.18,,,
-19.908,,,
-1.378,,,
-7.478,,,
-8.09,,,
-2.694,,,
-20.444,,,
-10.734,,,
-3.733,,,
-4.086,,,
-3.485,,,
-0.906,,,
-26.45,,,
-0.839,,,
-2.167,,,
-7.842,,,
-6.406,,,
-2.912,,,
-3.719,,,
-16.106,,,
-9.473,,,
-2.91,,,
-1.617,,,
-17.027,,,
-3.118,,,
-5.773,,,
-1.029,,,
-1.865,,,
-2.436,,,
-3.855,,,
-2.007,,,
1.643,,,
-2.73,,,
-1.857,,,
-7.811,,,
-3.71,,,
-20.892,,,
-17.187,,,
-9.382,,,
-5.769,,,
-2.512,,,
-12.928,,,
-4.442,,,
-18.996,,,
-1.023,,,
1.169,,,
-3.186,,,
-122.485,,,
-1.696,,,
-2.653,,,
-6.941,,,
-1.12,,,
-7.105,,,
-0.981,,,
-2.185,,,
0.268,,,
0.075,,,
7.073,,,
-12.814,,,
-9.604,,,
-2.947,,,
-9.533,,,
-20.954,,,
-6.04,,,
-3.382,,,
-9.013,,,
-3.937,,,
-5.623,,,
-1.703,,,
-4.593,,,
-31.263,,,
-7.22,,,
0.249,,,
-3.92,,,
-4.333,,,
-14.975,,,
-3.016,,,
-2.646,,,
-7.397,,,
-10.111,,,
-24.653,,,
-2.023,,,
-5.55,,,
-3.863,,,
-7.223,,,
-2.238,,,
-1.072,,,
-2.022,,,
-251.409,,,
-9.171,,,
-32.65,,,
-3.118,,,
-1.408,,,
-9.047,,,
-3.542,,,
-1.992,,,
-3.439,,,
-5.147,,,
-1.282,,,
0.8,,,
-3.024,,,
-259.921,,,
-23.076,,,
-0.712,,,
-24.965,,,
-3.423,,,
-4.427,,,
-12.268,,,
-40.048,,,
-19.806,,,
-20.952,,,
-49.243,,,
-42.319,,,
-1.35,,,
-1.964,,,
-10.626,,,
-34.051,,,
-4.696,,,
-2.732,,,
-3.864,,,
-0.808,,,
-1.187,,,
-3.189,,,
-4.631,,,
-28.658,,,
-2.946,,,
-22.29,,,
-0.465,,,
-1.089,,,
-5.191,,,
-29.164,,,
-10.886,,,
-11.945,,,
-9.803,,,
-9.008,,,
-2.96,,,
-19.282,,,
-2.268,,,
-7.89,,,
-11.148,,,
-4.244,,,
-27.438,,,
1.536,,,
-2.636,,,
-23.454,,,
-8.244,,,
-11.083,,,
-3.083,,,
-2.428,,,
-2.707,,,
-15.764,,,
-0.894,,,
-1.039,,,
-13.425,,,
-3.89,,,
2.568,,,
14.464,,,
-3.604,,,
-17.133,,,
-10.845,,,
-10.156,,,
-3.364,,,
-3.219,,,
-3.298,,,
-3.117,,,
-2.231,,,
-3.265,,,
-3.4,,,
-1.581,,,
-1.521,,,
-0.921,,,
-5.192,,,
-19.41,,,
-1.805,,,
-7.27,,,
-2.929,,,
-1.371,,,
-10.113,,,
-5.066,,,
-4.334,,,
-0.788,,,
-8.663,,,
-12.113,,,
-10.61,,,
-0.386,,,
-16.644,,,
1.971,,,
-8.386,,,
-12.456,,,
-6.128,,,
-6.608,,,
-17.829,,,
-1.072,,,
-9.235,,,
-3.948,,,
-15.698,,,
-7.733,,,
-2.179,,,
-19.406,,,
-1.007,,,
-3.163,,,
-2.912,,,
-15.768,,,
-12.373,,,
-4.068,,,
-17.8,,,
-15.823,,,
-0.837,,,
-1.63,,,
-14.084,,,
-1.711,,,
-0.859,,,
-3.398,,,
-12.797,,,
-11.764,,,
-0.42,,,
-5.459,,,
-33.791,,,
-0.977,,,
-5.858,,,
-0.53,,,
-0.848,,,
-0.104,,,
-2.683,,,
-9.23,,,
-0.109,,,
-0.11,,,
-0.096,,,
-0.092,,,
-30.29,,,
-0.052,,,
-0.117,,,
-8.475,,,
-0.11,,,
-30.318,,,
-5.382,,,
-7.516,,,
-1.248,,,
-1.446,,,
-1.722,,,
-8.773,,,
-1.947,,,
0.171,,,
-28.776,,,
-6.677,,,
-1.446,,,
-1.444,,,
-1.003,,,
-1.027,,,
-10.187,,,
-4.668,,,
-6.289,,,
-12.302,,,
-9.393,,,
-3.346,,,
-8.174,,,
11.198,,,
-3.302,,,
-6.524,,,
-4.923,,,
-8.124,,,
-0.552,,,
-18.928,,,
-0.946,,,
-0.86,,,
-3.841,,,
-2.697,,,
-7.489,,,
-8.675,,,
-3.992,,,
-1.95,,,
-0.631,,,
-11.495,,,
-10.632,,,
-5.3,,,
-20.706,,,
-15.324,,,
-3.625,,,
-19.224,,,
-9.941,,,
-1.916,,,
-0.353,,,
6.783,,,
-7.007,,,
-1.068,,,
-1.437,,,
-7.582,,,
-15.183,,,
-12.069,,,
-5.003,,,
-0.966,,,
-13.683,,,
-9.658,,,
-14.172,,,
-7.207,,,
0.008,,,
-5.687,,,
-7.475,,,
0.906,,,
-1.017,,,
-10.324,,,
-2.703,,,
-2.727,,,
15.718,,,
-4.325,,,
-35.034,,,
-15.751,,,
-4.87,,,
-17.261,,,
-2.681,,,
-11.777,,,
-1.56,,,
-6.785,,,
-0.239,,,
-26.686,,,
-9.462,,,
-0.383,,,
-0.238,,,
-3.516,,,
-0.46,,,
-1.064,,,
-1.445,,,
-2.459,,,
-166.975,,,
-15.907,,,
-3.265,,,
-15.239,,,
-0.48,,,
-3.246,,,
-1.015,,,
-10.194,,,
2.272,,,
-1.386,,,
-1.254,,,
-3.839,,,
-0.442,,,
-0.993,,,
-0.893,,,
-1.008,,,
-3.049,,,
-0.991,,,
-5.024,,,
-3.766,,,
-3.004,,,
-2.218,,,
-0.49,,,
-0.966,,,
-4.833,,,
-1.244,,,
-1.442,,,
-0.486,,,
-0.797,,,
-0.5,,,
-1.353,,,
-4.544,,,
-2.402,,,
-6.701,,,
-2.665,,,
-2.436,,,
-27.195,,,
-0.582,,,
-6.777,,,
-4.208,,,
-0.99,,,
-8.319,,,
-0.09,,,
-2.377,,,
-1.686,,,
-2.721,,,
-3.181,,,
-0.797,,,
-6.711,,,
-2.913,,,
-21.267,,,
-1.531,,,
-0.946,,,
-4.621,,,
-20.071,,,
-1.907,,,
-1.418,,,
-1.624,,,
-3.887,,,
-2.212,,,
-14.334,,,
-8.096,,,
-2.312,,,
-5.88,,,
-1.824,,,
12.013,,,
-2.745,,,
-8.963,,,
-2.291,,,
-60.559,,,
-9.755,,,
-0.979,,,
-1.816,,,
30.842,,,
-1.7,,,
-0.03,,,
14.16,,,
-8.274,,,
-4.472,,,
-0.475,,,
15.479,,,
-6.981,,,
-5.429,,,
-7.051,,,
-2.931,,,
0.389,,,
-9.733,,,
-0.615,,,
-50.83,,,
-2.532,,,
-2.663,,,
-2.58,,,
-0.554,,,
18.583,,,
-1.584,,,
-66.66,,,
-4.096,,,
-0.152,,,
-1.648,,,
-8.158,,,
-8.771,,,
-4.104,,,
-38.966,,,
-9.189,,,
-1.115,,,
-10.685,,,
-8.403,,,
-17.422,,,
-21.537,,,
-2.443,,,
-0.174,,,
-5.237,,,
-12.489,,,
-30.488,,,
-4.779,,,
-56.771,,,
-1.251,,,
-6.191,,,
-1.092,,,
1.73,,,
-20.568,,,
-4.253,,,
-1.78,,,
1.221,,,
-2.794,,,
12.654,,,
-1.264,,,
-1.446,,,
-4.544,,,
-3.499,,,
-10.066,,,
-0.91,,,
-1.875,,,
-9.054,,,
-24.042,,,
-0.942,,,
-3.449,,,
-4.685,,,
-3.29,,,
-3.707,,,
-2.875,,,
-0.527,,,
-2.02,,,
-196.346,,,
-2.151,,,
-4.6,,,
-1.116,,,
-19.551,,,
-26.282,,,
-4.256,,,
-27.667,,,
-5.241,,,
-0.487,,,
-0.437,,,
-1.118,,,
13.881,,,
-4.923,,,
-1.49,,,
-0.956,,,
-2.683,,,
-1.578,,,
-1.318,,,
-16.335,,,
-2.635,,,
12.729,,,
-1.196,,,
-4.463,,,
2.566,,,
-22.736,,,
-0.792,,,
-2.181,,,
-26.424,,,
-1.445,,,
-202.154,,,
-7.499,,,
-0.19,,,
-9.176,,,
-1.108,,,
-21.269,,,
-1.189,,,
-4.302,,,
-5.199,,,
-36.936,,,
-6.189,,,
-4.243,,,
-7.831,,,
-9.417,,,
-14.593,,,
-2.601,,,
-7.455,,,
-6.211,,,
-4.989,,,
-3.431,,,
-0.808,,,
-16.795,,,
-4.422,,,
-7.773,,,
-4.946,,,
-1.277,,,
-3.609,,,
-5.636,,,
-2.024,,,
-25.09,,,
-1.24,,,
-0.896,,,
-8.192,,,
-0.834,,,
-137.572,,,
-14.161,,,
-14.993,,,
-6.028,,,
-11.246,,,
-2.421,,,
-4.982,,,
-0.823,,,
-11.134,,,
-3.522,,,
-5.413,,,
-3.269,,,
-6.07,,,
-9.368,,,
-10.792,,,
-3.392,,,
-5.33,,,
-6.018,,,
-0.537,,,
0.511,,,
-10.672,,,
-15.923,,,
-5.699,,,
-1.113,,,
-2.004,,,
-0.404,,,
-0.931,,,
-1.446,,,
-4.427,,,
-1.058,,,
-1.498,,,
-5.563,,,
-1.733,,,
-96.381,,,
-3.199,,,
-20.46,,,
-13.69,,,
-0.832,,,
-8.841,,,
-6.264,,,
-5.809,,,
-1.488,,,
-1.561,,,
-8.09,,,
-2.465,,,
-1.43,,,
-1.445,,,
-2.909,,,
-27.405,,,
-2.699,,,
-1.029,,,
-0.865,,,
-4.466,,,
-19.103,,,
-1.313,,,
-5.96,,,
-6.525,,,
-26.561,,,
-3.079,,,
-5.459,,,
-0.984,,,
-0.538,,,
-8.637,,,
-7.501,,,
-4.904,,,
-4.035,,,
-9.566,,,
-1.791,,,
-1.444,,,
29.897,,,
-80.212,,,
-21.436,,,
-0.252,,,
2.509,,,
-5.612,,,
-22.521,,,
-1.095,,,
-1.595,,,
-2.122,,,
-0.343,,,
-3.761,,,
-3.408,,,
28.381,,,
-1.446,,,
-7.907,,,
-2.901,,,
-1.894,,,
-1.66,,,
-1.893,,,
-2.012,,,
-1.166,,,
-2.01,,,
-1.636,,,
-1.33,,,
-1.649,,,
-1.426,,,
-1.653,,,
-1.772,,,
-1.198,,,
-1.176,,,
-1.118,,,
-0.931,,,
-0.781,,,
-0.792,,,
-0.785,,,
-1.304,,,
-1.274,,,
-3.831,,,
0.006,,,
-0.53,,,
-1.012,,,
-1.5,,,
-0.706,,,
-1.47,,,
-1.398,,,
0.083,,,
-7.554,,,
-3.187,,,
-8.192,,,
-2.97,,,
-2.288,,,
-9.683,,,
-4.31,,,
-0.977,,,
-3.837,,,
-14.816,,,
-9.201,,,
-8.188,,,
-4.811,,,
-11.544,,,
-1.149,,,
-32.032,,,
-1.84,,,
-4.353,,,
-16.403,,,
-0.521,,,
-0.865,,,
-37.78,,,
-152.607,,,
0.293,,,
-21.548,,,
-2.529,,,
3.489,,,
-5.912,,,
-1.853,,,
-10.487,,,
-8.332,,,
0.222,,,
-7.878,,,
-5.877,,,
-11.989,,,
-11.056,,,
-1.435,,,
-0.895,,,
-0.506,,,
-0.213,,,
-1.025,,,
-2.591,,,
-1.422,,,
-3.147,,,
-1.188,,,
-0.314,,,
-0.314,,,
-1.414,,,
-5.396,,,
-1.391,,,
-1.386,,,
-0.514,,,
-1.398,,,
-0.991,,,
-1.028,,,
-1.412,,,
-1.374,,,
-1.63,,,
-0.175,,,
-1.402,,,
-4.424,,,
-1.415,,,
-3.254,,,
-0.825,,,
-3.522,,,
-1.259,,,
-1.394,,,
-12.547,,,
-1.282,,,
-0.641,,,
-1.401,,,
-2.792,,,
-27.802,,,
-1.03,,,
-6.124,,,
-5.143,,,
-2.595,,,
-3.649,,,
-7.915,,,
-5.476,,,
-0.255,,,
-0.098,,,
-6.44,,,
-7.046,,,
-3.81,,,
-6.223,,,
-3.176,,,
-2.861,,,
-2.74,,,
-3.56,,,
-17.983,,,
-3.692,,,
-1.757,,,
-1.51,,,
-1.031,,,
-6.453,,,
-6.941,,,
-9.275,,,
-1.046,,,
-11.704,,,
-6.719,,,
-6.146,,,
-0.972,,,
-3.269,,,
-6.801,,,
-3.844,,,
0.894,,,
-2.68,,,
-4.642,,,
-1.051,,,
0.491,,,
-3.751,,,
-15.012,,,
-0.748,,,
-36.98,,,
0.053,,,
-8.305,,,
-29.878,,,
-1.092,,,
-3.341,,,
-4.008,,,
-5.523,,,
-9.199,,,
-3.775,,,
-138.247,,,
-0.995,,,
-3.22,,,
0.342,,,
-10.648,,,
-3.279,,,
-21.194,,,
3.142,,,
0.22,,,
-10.074,,,
-1.14,,,
-2.12,,,
-7.04,,,
-1.149,,,
-1.202,,,
-2.749,,,
-1.031,,,
-7.4,,,
-3.526,,,
-4.769,,,
-4.531,,,
-4.21,,,
-10.181,,,
-3.726,,,
-9.026,,,
-4.991,,,
-10.038,,,
-3.251,,,
-11.163,,,
-10.126,,,
-15.341,,,
-3.502,,,
-4.508,,,
-1.17,,,
-4.672,,,
-4.088,,,
-0.048,,,
-2.988,,,
-3.938,,,
-0.746,,,
-12.991,,,
-130.821,,,
-79.646,,,
-1.28,,,
-0.786,,,
-3.935,,,
-3.668,,,
-0.205,,,
-3.612,,,
-0.581,,,
-13.205,,,
-1.607,,,
-23.857,,,
-6.058,,,
-1.758,,,
-5.609,,,
-0.497,,,
-16.753,,,
-2.854,,,
-3.949,,,
-22.941,,,
-3.06,,,
-8.745,,,
-0.174,,,
-16.636,,,
-3.388,,,
-7.242,,,
0.012,,,
-8.783,,,
14.617,,,
-3.399,,,
-3.595,,,
-1.637,,,
-3.251,,,
11.921,,,
-32.12,,,
-6.366,,,
-7.455,,,
-25.76,,,
-1.61,,,
-8.147,,,
-8.789,,,
-6.928,,,
-4.891,,,
-21.589,,,
-9.417,,,
-3.848,,,
-1.88,,,
-1.586,,,
-7.534,,,
-5.528,,,
-8.043,,,
-8.152,,,
-9.012,,,
-30.774,,,
-7.304,,,
-0.591,,,
-0.769,,,
-5.989,,,
0.494,,,
-9.649,,,
-32.554,,,
-9.909,,,
-3.842,,,
-16.234,,,
-38.275,,,
-0.443,,,
-3.242,,,
-7.324,,,
-5.4,,,
-8.054,,,
-17.994,,,
0.228,,,
-5.57,,,
-1.299,,,
-12.746,,,
-0.802,,,
-10.728,,,
-3.717,,,
-0.532,,,
-0.532,,,
-5.164,,,
-13.619,,,
-22.14,,,
-23.544,,,
-8.256,,,
-8.458,,,
-2.459,,,
-7.042,,,
-25.179,,,
-12.974,,,
-1.861,,,
-4.948,,,
-5.279,,,
-25.006,,,
-8.597,,,
-5.411,,,
-30.378,,,
-1.825,,,
-8.84,,,
-3.486,,,
-1.535,,,
-3.368,,,
-5.913,,,
-0.607,,,
-0.55,,,
-11.715,,,
-5.455,,,
-12.054,,,
-13.895,,,
-4.004,,,
-0.579,,,
-1.014,,,
-11.258,,,
-6.086,,,
-12.908,,,
-0.439,,,
-3.082,,,
0.725,,,
-29.257,,,
-0.536,,,
-2.575,,,
-4.391,,,
-7.977,,,
-3.483,,,
-2.58,,,
-9.221,,,
-0.195,,,
-2.959,,,
-2.572,,,
-1.104,,,
0.854,,,
-38.39,,,
-1.422,,,
-0.346,,,
-2.737,,,
-89.581,,,
-0.345,,,
-8.881,,,
-0.203,,,
-2.212,,,
-13.832,,,
-0.277,,,
-1.569,,,
-6.518,,,
-1.835,,,
-8.069,,,
-6.563,,,
-6.832,,,
-3.606,,,
-26.304,,,
-8.077,,,
-1.226,,,
-8.837,,,
-0.864,,,
-8.952,,,
-1.85,,,
-5.168,,,
-3.956,,,
-4.921,,,
-1.58,,,
-1.289,,,
-9.247,,,
-0.205,,,
-4.457,,,
-12.359,,,
-4.185,,,
-90.91,,,
-2.318,,,
-8.629,,,
-0.865,,,
-4.558,,,
-4.62,,,
-3.347,,,
-20.409,,,
-0.334,,,
-13.042,,,
-16.565,,,
-0.922,,,
-9.225,,,
-2.239,,,
-1.017,,,
-3.609,,,
-4.952,,,
-0.292,,,
-0.981,,,
-1.645,,,
-1.81,,,
-2.842,,,
-0.856,,,
-0.903,,,
-2.778,,,
-0.805,,,
-0.164,,,
-7.35,,,
-11.606,,,
-7.603,,,
