all,sb,arm,drive
30.77,30.77,18.3,31.64
7.6,7.6,21.64,86.81
8.81,8.81,29.85,24
4.89,16.21,8.28,32.78
16.21,6.81,40.04,96.61
6.81,7.6,47.28,40.27
7.6,5.54,44.81,32.94
5.54,5.37,20.99,33.39
5.37,16.59,27.2,52.19
16.59,110.59,6.76,59.84
110.59,3.01,24.49,9.75
3.01,24.12,70.32,31.32
24.12,3.38,55.3,38.2
3.38,27.65,17.59,28.75
3.11,5.33,52.29,50.24
2.9,25.96,4.68,59.67
27.65,4.82,14.88,38.33
5.33,37.07,22.3,39.83
25.96,17.09,19.57,34.83
31.64,26.51,22.13,33.82
4.82,33.36,21.21,55.24
18.3,6.14,54.98,79.34
37.07,28.65,57.09,39.3
21.64,31.03,61.3,45.29
17.09,29.96,27.59,114.77
29.85,61.14,19.7,22.22
26.51,2.47,31.43,5.73
8.28,3.05,40.89,34.13
33.36,2.97,35.61,36.57
6.14,6.22,23.53,66.4
28.65,38.33,29.38,23.58
86.81,42.69,11.41,34.03
19.37,72.19,44.03,27.07
3.01,15.83,49.33,63.02
31.03,9.73,22.64,30.89
24,18.62,30.73,35.05
19.28,29.7,190.3,27.66
2.9,21.35,65.15,35.4
29.96,26.43,6.85,29.65
61.14,13.89,63.11,44.95
32.78,35.95,71.39,98.54
2.89,31.47,37.83,52.37
2.47,12.57,15.8,42.97
3.05,87.63,22.78,45.17
2.97,9.06,12.33,39.95
6.22,6.81,94.04,43.64
38.33,33.74,32.17,37.97
40.04,11.84,44.71,53.67
96.61,23.06,19.7,47.09
12.34,30.93,33.08,130.17
42.69,11.47,10.25,52
72.19,20.58,30.48,46.9
40.27,11.7,12.33,62.69
15.83,28.48,32.97,103.92
9.73,33.3,35.95,38.29
32.3,20.94,8.37,26.37
8.35,3.9,21.57,33.57
18.62,19.5,26.06,31.23
29.7,17.43,23.97,33.39
32.94,22.61,21.25,26.82
21.35,37.35,9.36,36.15
26.43,17.58,22.9,28.3
33.39,43.38,32.13,52.77
7.04,16.85,43.44,22.12
2.9,27.12,18.59,84.66
13.89,2.47,17.26,29.3
35.95,28.26,8.04,30.08
52.19,13.88,25.19,29.83
31.47,12.46,10.83,35.45
47.28,39.21,41.15,44.42
9.2,18.75,8.01,35.63
2.9,17.1,11.34,39.31
44.81,31.51,47.07,70.28
12.57,23.39,10.62,63.03
20.99,2.17,9.08,34.07
87.63,33.03,47.38,43.82
27.05,12.33,51.6,42.85
9.06,32.8,65.27,17.57
6.81,30.35,32.88,91.9
27.2,25.92,12.81,24.99
6.76,17.15,6.63,18.58
33.74,14.5,22.53,44.4
21.15,35.58,35.42,44.84
11.84,18.75,41.38,32.22
23.06,16.23,13.55,35.57
30.93,14.05,50.62,58.67
13.78,27.31,7.25,105.44
11.47,10.2,70.44,34.28
46.98,26.4,29.6,53.34
20.58,4.92,28.51,39.87
11.7,13.24,18.72,50.75
59.84,26.19,11.33,50.48
28.48,33,12.11,39.04
9.75,5.41,38.58,31.27
18.67,32.28,57.8,47.6
33.3,21.53,40.88,45.82
20.94,20.15,44.89,45.15
31.32,25.29,1.17,37.7
3.9,26.77,33.49,59.72
19.5,24.54,27.2,10.19
38.2,21.23,4.68,47.33
3.98,41.28,19.15,41.86
17.43,38.94,29.31,48.91
28.75,18.46,49.76,59.02
27.02,31.72,37.24,43.89
22.61,4.55,23.75,44.53
37.35,26.41,68.6,40.96
17.58,7.78,33.12,30.8
43.38,28.14,10.4,44.26
50.24,41.06,58.01,43.89
16.85,3.67,11.31,33.41
27.12,10.31,28.37,54.72
2.47,23.52,24.29,35.34
28.26,18.36,25.06,40.62
59.67,18.01,13.85,34.04
20.07,7.11,14.76,27.19
13.88,9.93,21.13,34.78
12.46,6.61,22.32,36.43
39.21,42.4,4.17,28.93
24.49,11.9,25.22,60.51
18.75,32.93,12.37,101.28
38.33,33.24,10.46,40.1
10.56,18.46,21.24,112.51
17.1,18.69,16.84,32
31.51,24.82,35.45,30.19
39.83,6.39,5.51,160.55
23.39,18.16,26.11,17.67
2.17,2.45,3.05,23.24
33.03,9.69,16.19,31.77
34.83,29.82,29.82,8.73
12.33,32.66,46.47,39.29
70.32,4.25,26.86,56.39
7.2,33.38,33.13,26.98
32.8,24.27,23.66,33.3
55.3,32.49,75.01,44.28
17.59,12.41,70.32,52.82
30.35,22.58,121.33,44.99
52.29,30.76,30.39,35.83
4.68,32.81,20.46,37.67
25.92,35,32.01,32.63
33.82,42.57,11.76,42.59
17.15,57.15,59.13,51.7
55.24,28.99,12.02,40.84
14.5,44.62,42.94,14.93
35.58,15.97,6.96,50.92
3.15,25.26,18.16,44.87
18.75,28.37,30.17,30.37
14.88,43.83,13.12,21.42
22.3,9.71,34.45,33.83
16.23,12.22,7.7,51.2
79.34,17.55,16.09,39.59
14.05,15.01,14.51,37.83
27.31,10.84,18.66,38.31
39.3,4.59,31.52,36
10.2,9.33,30.9,34.35
26.4,21.79,8.81,119.79
45.29,22.36,17.31,37.48
4.92,16.22,18.5,26.15
13.24,30.56,50.18,40.02
114.77,19.55,49.54,48.31
19.57,8.81,30.25,78.39
22.13,26.45,6.6,34.45
26.19,8.21,33.34,20.75
33,17.16,2.68,34.48
22.22,22.45,29.8,40.92
5.41,16.91,29.16,17.14
32.28,18.58,5.2,27.63
21.21,4.34,17.2,35.63
21.53,13.98,29.96,48.11
5.73,34.9,16.4,41.14
20.15,17.5,17.41,57.49
34.13,41.64,5.52,57.65
25.29,33.51,36.31,12.91
36.57,36.02,12.1,44.83
26.77,5.33,10.45,39.17
54.98,8.18,11.58,29.21
24.54,12.21,39.24,36.9
66.4,5.65,8.17,48.18
8.86,14.5,9.28,67.7
8.6,8.71,9.86,35.45
21.23,18.95,14.44,75.84
41.28,27.86,105.64,38.1
23.58,15.67,16.98,34.62
24.15,21.27,12.4,38.49
38.94,11.28,29.51,38.79
3.46,24.47,16.03,32.1
18.46,15.05,5.15,44.8
57.09,54.24,33.05,46.45
31.72,22.51,7.72,56.31
4.55,11.21,7.83,42.66
61.3,20.87,34.2,36.42
26.41,10.03,6.91,50.74
7.78,24.18,45.74,30.29
28.14,24.48,3.4,26.29
82.88,9.38,4.11,41.53
41.06,19.15,18.02,91.48
3.67,20.48,13.12,41.6
10.31,8.24,110.06,58.83
21.93,15.64,6.17,26.34
13.05,13.75,31.82,70.17
23.52,7.34,10.46,38.73
18.36,7.01,12.15,47.57
27.83,6.96,3.17,52.89
18.01,5.24,13.95,31.63
7.11,8.67,17.5,28.62
9.93,16.57,30.74,41.81
27.59,5.31,51.57,55.11
6.61,18.65,3.33,39.01
10.29,13.7,14.65,62.28
35.25,30.38,9.85,74.6
42.52,7.24,34.9,25.22
42.4,3.22,42.38,31.41
11.9,20.41,5.76,37.25
19.7,7.68,3.17,7.55
10.99,17.4,24.55,37.58
20.5,2.97,8.06,44.56
54.16,19.2,16.66,48.87
3.11,29.59,34.49,42.13
28.53,11.1,8.15,27.04
32.93,29.6,7.2,29.14
31.43,13.49,22.05,26.33
26.57,24.42,3.17,39.58
33.24,29.68,18.81,17.94
40.89,13.22,41.11,43.1
18.46,29.77,6.51,32.07
18.69,9.67,46.36,37.41
39.49,10.23,33.02,18.27
24.82,2.44,12.6,29.49
6.39,25.8,11.18,36.35
18.16,12.11,14.9,59.02
2.45,48.55,7.43,38.07
16.7,2.79,10.86,42.23
9.69,17.86,21.22,40.12
1.85,27.05,31.8,25.65
35.61,10.65,4.3,32.43
29.82,19.69,17.25,39.41
15.94,3.61,31.8,22.98
32.66,10.76,25.2,58.72
4.25,12.6,33.99,42.16
23.53,12.95,28.77,42.64
8.37,32.92,11.49,31.2
34.03,18.75,20.92,8.38
33.38,10.59,30.51,24.92
24.27,9.99,15.08,47.21
29.38,28.63,35.68,7.52
11.41,28.36,20.26,40.87
32.49,2.49,16.67,11.16
27.07,29.94,9.48,41.03
12.41,1.4,34.24,94.14
22.58,6.39,19.51,33.89
30.76,12.9,56.93,43.82
63.02,22.81,14.89,22.46
32.81,15.65,63.33,27.8
35,17.82,7.42,36.44
42.57,11.13,34.07,49.72
12.35,28.03,8.43,41.13
57.15,15.81,41.39,25.41
28.99,17.38,8.26,46.1
44.62,17.23,22.52,40.71
15.97,7.75,33.12,7.28
5.71,14.46,26.17,190.25
25.26,14.75,21.76,30.4
28.37,12.64,27.74,55
43.83,16.29,18.07,29.06
9.71,16.08,31.68,31.2
12.22,14.89,31.72,69.34
30.89,5.18,38.16,27.62
13.1,16.95,48.49,43.62
17.55,5.07,48.72,73.39
15.01,15.45,21.9,69.11
44.03,15.25,31.41,39.84
10.84,18.13,24.11,33.25
35.05,17.87,16.74,42.46
4.59,34.11,23.61,52.79
9.33,19.3,44.29,43.17
27.66,37.3,4.12,62.95
12.11,19.64,17.42,42.68
21.79,7.32,18.31,40.17
22.36,6.91,12.95,30.42
16.22,22.32,41.4,48.55
35.4,16.92,41.2,51.71
30.56,14,10.95,41.33
19.55,12.02,14.96,70.05
8.81,11.88,8.25,37.44
29.65,22.86,22.3,46.45
26.45,14.91,11.22,13.36
8.21,7.22,5.3,41.89
17.16,27.3,28.24,10.93
22.45,12.08,4.47,30
34.43,2.29,12.59,35.95
40.52,38.67,23.87,43.66
5.86,10.9,4.15,47.16
44.95,20.31,22.18,37.28
16.91,23.06,8.14,45.44
18.58,42.94,13.56,41.17
49.33,22.53,10.71,15.04
4.34,11.83,35.22,146.5
98.54,6.57,6.38,37.41
13.98,13.5,42.98,34.64
34.9,18.03,7.6,35.33
22.64,24.1,3.94,40.41
52.37,27.55,34.24,33.82
4.9,14.69,44.36,46.02
17.5,8.61,26.84,43.78
41.64,46.62,6.99,32.3
42.97,10.03,11.62,6.5
33.51,13.8,16.86,39.68
36.02,12.08,38.24,36.09
5.33,17.86,7.63,38.71
4.15,12.7,15.61,37.22
8.18,15.19,33.37,23.22
52.17,12.57,14.18,33.97
30.73,5.15,16.16,32.68
12.21,10.28,34.8,4.28
5.65,16.66,2.63,54.03
45.17,19.3,14.92,35.26
14.5,24.49,27.61,9.66
8.71,11.73,29.32,10.84
18.95,18.72,5.4,9.52
39.95,28.7,22.67,72.33
9.98,23.39,17.94,11.42
27.86,15.36,64.11,97.16
15.67,19.6,22.36,57.97
43.64,12.4,16.87,80.72
21.27,13.24,0.54,13.27
11.28,8.65,12.04,9.85
24.47,10.86,17.89,23.07
15.05,18.35,43.08,15.64
190.3,2.02,6.31,7.27
54.24,24.98,18.76,45.74
4.63,15.93,3.14,55.94
22.51,7.61,12.52,17.77
11.21,15.51,26.51,24.09
20.87,33.21,63.11,45.24
10.03,12.1,18.76,44.06
24.18,16.09,12.42,22.5
24.48,9.32,16.68,52.52
9.38,20.73,9.01,34.82
65.15,22.22,18.89,50.03
19.74,28.81,12.03,30.4
19.15,38.86,18.35,33.98
20.48,7.49,17.42,44.44
8.24,25.6,15.96,30.44
37.97,19.79,16.79,56.73
12.44,19.63,20.32,49.63
3.02,15.1,23.78,97.65
15.64,22.71,26.48,41.86
13.75,43.01,2.26,34.75
7.34,14.14,31.4,40.44
6.02,23.38,49.11,34.14
6.02,28.87,29.01,2.88
6.02,3,14.42,5.58
7.01,12.22,16.35,43.01
6.96,8.76,53.8,39.09
5.24,12.42,70.94,56.16
8.67,17.86,15.48,50.55
6.02,1.67,11.91,35
6.02,35.87,3.45,40.64
6.02,4.86,17.42,45.18
16.57,10.2,37.3,48.38
6.85,13.14,101.24,48.26
53.67,39.67,30.9,22.98
5.31,13.64,26.61,84.83
18.65,16.8,16.87,40.3
13.7,13.9,12.32,31.64
47.09,11.32,13.08,10.99
30.38,8,50.37,28.21
130.17,21.7,143.79,14.99
7.24,11.02,85.94,32.96
3.22,21.44,50.91,36.35
38.9,50.77,32.31,32.29
20.41,10.92,4.78,35.86
52,21.25,38.73,189.35
8.91,20.41,5.54,12.28
7.68,10.75,17.85,33.02
17.4,11.65,4.07,56.63
63.11,17.79,24.01,21.57
2.97,23.74,4.28,4.42
71.39,22.73,55.2,19.65
19.2,33.35,42.86,6.53
37.83,38.24,11.45,16.53
29.59,26.6,31.84,27.28
15.8,3.63,3.57,17.35
11.1,1.94,58.66,10.26
22.78,24.01,10.37,36.96
12.33,14.18,11.74,39.78
29.6,33.17,44.5,43.97
13.49,14.62,6.99,44.97
13.86,15.16,26.42,81.6
94.04,22.09,64.96,105.41
2.98,20.29,16.89,17.96
24.42,6.83,12.01,56.6
70.63,17.9,22.88,29.49
6.37,4.16,3.78,58.69
29.68,10.23,29.85,99.22
30.23,19,7.82,52.8
13.22,17.96,3.66,31.43
29.77,5.3,17.88,35.67
9.67,23.01,19.32,46.47
10.23,16.16,40.83,59.73
2.44,19.23,21.6,38.52
4.3,3.42,22.07,9.62
25.8,2.14,16.6,19.68
12.11,18.74,18.72,31.97
9.51,7.53,21.77,5.69
48.55,9.98,20,0.74
2.79,19.46,43.91,26.59
8.55,18.85,4.38,32.65
17.86,19.31,19.59,38.68
32.17,27.46,14.73,9.03
27.05,23.05,27.49,19.47
10.65,44.09,27.84,9.04
44.71,1.27,18.41,32.67
19.69,21.28,14.41,26
19.7,32.24,19.27,18.42
3.61,25.59,7.37,11.91
33.08,12.53,23.81,37.9
10.76,13.32,28.43,5.23
10.25,13.04,7.94,58.95
46.9,22.83,3.62,107.2
62.69,7.22,27.81,161.96
12.6,31.03,10.95,65.8
24.49,5.33,50.95,140.45
12.95,28.94,32.51,48.33
32.92,20.44,8.44,49.67
18.75,10.71,61.26,66.15
103.92,27.61,18.22,47.19
10.59,14.38,25.97,37.05
38.29,29.29,13.65,46.61
26.37,11.46,37.9,84.87
9.99,14.29,40.65,48.99
33.57,13.83,10.02,72.09
7.94,6.8,21.05,86.74
30.48,36.48,262.41,46.74
12.33,14.5,48.15,26.24
28.63,8.65,8.12,41.41
32.97,15.12,24.55,33.15
28.36,1.95,24.04,35.13
2.49,18.46,270.92,67.04
35.95,4.57,38.58,37.39
8.46,4.38,45.46,18.84
8.37,26.57,26.13,58.69
29.94,6.87,18.19,48.98
21.57,14.77,12.09,9.95
31.23,2.99,25.3,36.11
1.4,9.03,24.01,50.85
6.39,31.29,11.43,42.06
33.39,15.05,11.21,35.22
12.9,6.88,26.26,39.77
22.81,18.99,4.04,79.68
26.82,3.95,18.22,69.08
15.65,36.91,17.23,30.03
17.82,14.81,4.52,43.34
11.13,27.3,16.43,39.16
28.03,19.48,4.37,41.69
26.06,17.62,22.46,54.04
36.15,20.47,16.63,43.62
28.3,20.43,9.45,46.65
15.81,21.32,31.2,66.22
6.48,26.48,5.01,28.32
17.38,34,30.77,50.84
52.77,18.28,19.57,51.11
17.23,14.11,4.84,51.56
7.75,10.92,27.8,62.65
14.46,16.9,24.16,41.95
22.12,13.12,3.42,42.4
17.03,28.25,3.98,58.18
14.75,5.77,24.23,128.26
12.64,6.61,19.48,51.64
16.29,20.48,12.45,44.29
23.97,27.52,15.67,67.47
16.08,17,5.55,67.61
84.66,23.3,12.45,55.78
10.78,32.96,5.42,81.26
14.89,19.94,29.67,25.24
5.18,26.16,22.21,30.19
29.3,12.58,11.69,79.91
9.59,21.63,4.02,46.18
16.95,20.52,6.56,75.6
5.07,3.97,16.78,44.57
15.45,18.6,54.19,
21.25,25.42,19.46,
8.27,25.75,7.02,
15.25,13.44,197.98,
18.13,20.5,26.41,
9.36,5.67,31.74,
17.87,4.19,7.73,
22.9,8.35,13.52,
0.98,26.02,14.54,
30.08,15.81,38.7,
8.6,19.22,11.42,
34.11,22.03,10.62,
32.13,32.68,15.21,
19.3,5.01,42.33,
29.83,2.25,11.96,
8.34,18.6,22.55,
37.3,21.53,4.61,
43.44,33.94,8.08,
19.64,26.72,25.92,
18.59,23.68,31.54,
17.26,18.3,22.49,
7.32,22.42,13.76,
6.91,20.56,20.54,
8.04,8.68,3.91,
22.32,24.73,68.04,
35.45,30.08,10.95,
16.92,2.55,31.53,
44.42,14.97,227.35,
7.45,20.28,33.55,
14,26.59,41.28,
35.63,14.31,8.18,
12.02,23.92,12.64,
11.88,21.92,4.2,
22.86,8.9,14.46,
39.31,17.14,3.79,
14.91,9.05,36.92,
70.28,25.96,232.15,
7.22,26.03,31.77,
27.3,27.86,12.8,
25.19,11.16,14.74,
63.03,9.83,13.93,
12.08,38.44,31.8,
34.07,13.88,4.28,
22.04,9.94,55.59,
2.29,26.74,10.9,
43.82,21.08,170.57,
1.99,22.31,20.49,
38.67,13.87,17.92,
10.9,9.62,14.77,
20.31,18.72,9.99,
42.85,20.61,116.88,
23.06,7.49,25.46,
10.83,12.53,29.34,
41.15,21.44,20.31,
17.57,16.15,6.49,
11.61,20.74,39.1,
42.94,18.39,22.71,
22.53,9.27,6.54,
91.9,17.91,10.04,
11.32,28.89,17.61,
11.83,4.36,4.1,
6.57,4.25,32.62,
13.5,3.96,3.34,
24.99,3.99,4.62,
31.64,4.26,20.18,
18.03,4.34,17.81,
24.1,4.37,11.98,
8.01,2.76,33.54,
11.34,13.54,9.65,
27.55,7.01,3.87,
2.46,10.64,57.28,
2.91,8.1,183.61,
18.58,23.39,37.05,
14.69,30.47,8.43,
8.61,18.6,26.38,
46.62,25.12,58.3,
44.4,12.03,18.09,
11.59,23.76,35.98,
10.03,20.66,8.26,
13.8,25.62,16.05,
44.84,15.89,14.22,
13.45,13.71,11.06,
12.08,43.31,7.69,
17.86,22.69,8.51,
12.7,71.17,5.05,
15.19,25.35,12.77,
32.22,5.42,16.3,
15.85,20.57,4.61,
12.57,21.77,5.05,
5.15,22.89,7.09,
10.28,30.9,13.34,
35.57,6.49,8.52,
16.66,5.23,19.78,
58.67,24.65,172.8,
10.91,2.36,36.69,
19.3,6.99,51.65,
105.44,16.07,14.03,
24.49,24.24,15.49,
47.07,18.74,45.34,
2.45,8.38,11.5,
2.91,36.53,13.49,
11.73,11.72,11.44,
10.62,25.98,19.99,
18.72,15.59,13.67,
9.08,8.62,3.21,
56.34,12.17,11.35,
28.7,14.44,11.56,
34.28,24.52,19.74,
23.39,8.08,2.99,
53.34,8.45,10.14,
5.64,28.11,16.43,
47.38,21.4,10.09,
15.36,20.46,16.65,
51.6,2.93,8.77,
2.53,14.09,12.49,
65.27,21.68,5.51,
19.6,12.22,52.77,
32.88,8.03,3.44,
12.4,15.27,32.99,
13.24,5.36,6.77,
23.8,14.77,3.8,
11,10.36,14.16,
8.65,20.06,10.96,
12.81,0.78,23.28,
6.63,12.36,40.01,
10.86,10.81,11.6,
22.53,34.8,9.37,
2.41,25.67,14.26,
2.87,4.46,25.91,
18.35,30.41,18.08,
35.42,21.57,2.27,
2.02,9.98,11.07,
41.38,3.54,5.58,
13.55,10.91,10.07,
24.98,11.36,48.39,
39.87,10.5,8.74,
15.93,10.44,120.58,
50.62,11.42,29.33,
7.61,12.16,6.78,
7.25,16.92,41.8,
15.51,24.22,33.95,
70.44,34.62,15.17,
29.6,17,10.92,
33.21,21.23,8.29,
12.1,6.12,25.96,
19.89,11.04,20.36,
15.91,31.9,121.91,
16.09,13.84,24.13,
9.32,19.83,29.91,
20.73,13.83,14.11,
1.99,13.77,12.84,
28.51,8.26,27.6,
22.22,15.91,38.51,
18.72,8.34,30.27,
11.33,37.72,91.36,
28.81,35.17,37.62,
12.11,6.25,52.98,
38.86,13.19,6.52,
38.58,35.97,10.65,
57.8,10.03,31.37,
7.49,26.32,9.82,
25.6,7.49,28.95,
40.88,9.07,29.66,
50.75,7.48,55.63,
19.79,8.47,62.86,
19.63,11.53,87.81,
15.1,20.57,134.34,
50.48,8.82,57.46,
22.71,5.71,11.65,
43.01,6.97,89.82,
44.89,4.91,49.18,
1.17,2.95,32.19,
14.14,20.86,31.97,
39.04,0.6,16.59,
23.38,7.73,17.43,
28.87,4.02,34.43,
0.77,7.41,43.54,
17.6,4.95,50.97,
0.77,12.75,30.8,
3,8.99,21.48,
33.49,21.95,46.85,
12.22,49.64,28.34,
31.27,17.5,40.72,
8.76,21.84,15.39,
12.42,9.15,55.64,
47.6,6.5,24.43,
17.86,18.03,54.67,
4.62,5.45,5.54,
1.67,1.36,60.33,
35.87,5.6,53.93,
27.2,18.59,40.37,
4.68,33.87,21.14,
4.86,2.4,32.06,
10.2,5.01,40.49,
13.14,2.4,61.29,
39.67,2.6,31.37,
45.82,13.91,39.61,
13.64,9,30.83,
19.15,22.39,31.92,
29.31,13.24,39.73,
3.66,16.19,38.24,
16.8,5.38,10.83,
49.76,20.55,10.29,
37.24,30.31,74.78,
13.9,15.11,39,
23.75,12.59,74.34,
11.32,7.86,41.21,
68.6,4.69,9.3,
33.12,7.74,112.06,
8,12.81,41.45,
27.97,20.99,29.03,
21.7,38.74,53.55,
11.02,31.76,89.34,
10.4,9.95,8.63,
58.01,7.9,13.42,
2.74,29.51,43.28,
11.31,22.51,41.29,
21.44,64.79,5.84,
50.77,25.05,49.46,
28.37,20.42,4.5,
10.92,16.76,50.37,
21.25,15.63,14.41,
24.29,17.15,5.12,
45.15,23.91,46.41,
20.41,20.26,21.33,
0.76,19.12,73.61,
10.75,3.29,29.23,
11.65,28.15,48.87,
17.79,6.35,24.66,
37.7,3.78,25.09,
9.8,20.68,15.06,
23.74,3.81,16.21,
6.03,3.77,4.47,
22.73,3.35,27.12,
59.72,5.87,97.2,
33.35,3.63,60.01,
38.24,3.79,21.68,
25.06,21.32,4.51,
13.85,24.86,98.65,
14.76,4.75,34.95,
10.19,26.1,30.5,
26.6,34.55,9.75,
3.63,24.68,20.45,
1.94,36.87,11.7,
24.01,18.34,17.53,
47.33,8.51,18.56,
14.18,17.24,28.84,
33.17,27.59,22.32,
14.62,23.66,38.15,
21.13,15.3,26.7,
22.32,24.22,47.47,
3.66,1.61,7.59,
15.16,15.57,123.8,
4.17,18.47,109.23,
22.09,27.37,26.19,
1.89,16.31,17.73,
20.29,17.71,37.59,
25.22,14.33,22.44,
41.86,16,35.39,
6.83,28.11,67.17,
17.9,29.16,8.68,
48.91,5.51,26.61,
8.88,6.87,35.03,
4.16,10.8,6.85,
10.23,3.16,31.59,
59.02,3.37,29.55,
9.05,2.1,26.16,
19,4.52,18.05,
12.37,14.06,24.01,
17.96,20.03,49.81,
28.63,24.32,,
6.99,23.37,,
5.3,0.52,,
23.01,14.63,,
43.89,25.65,,
16.16,6.95,,
2.22,2.96,,
19.23,4.07,,
44.53,5.69,,
3.42,26.65,,
2.14,11.76,,
18.74,21.06,,
40.96,18.33,,
7.53,2.09,,
9.98,31.1,,
19.46,39.22,,
18.85,27.56,,
19.31,22.71,,
30.8,3.59,,
27.46,7.64,,
4.59,37.98,,
10.46,7.66,,
20.16,13.88,,
21.24,8.59,,
16.84,8.48,,
23.05,14.43,,
44.26,20.81,,
44.09,9.23,,
1.27,18.92,,
21.28,25.11,,
35.45,22.18,,
4.7,23.56,,
5.51,2.53,,
32.24,4.82,,
25.59,29.36,,
26.11,11.45,,
3.05,17.44,,
12.53,13.38,,
43.89,9.28,,
9.09,18.39,,
13.32,27.64,,
13.04,8.44,,
33.41,26.36,,
22.83,24.59,,
10.19,32.58,,
7.22,35.23,,
31.03,17.72,,
5.33,8.28,,
28.94,18.01,,
54.72,20.8,,
12.23,20.19,,
20.44,12.22,,
10.71,27.74,,
27.61,9.47,,
16.19,23.62,,
29.82,25.45,,
14.38,10.33,,
35.34,18.62,,
29.29,31.67,,
11.46,7.61,,
46.47,29.43,,
26.86,17.7,,
14.29,15.4,,
33.13,22.18,,
13.83,35.23,,
23.66,29.44,,
75.01,6.19,,
6.8,27.17,,
36.48,7.73,,
14.5,4.01,,
6.79,12.57,,
70.32,18.41,,
8.65,7.93,,
121.33,17.35,,
15.12,17.5,,
1.95,16.39,,
18.46,5.86,,
30.39,15.95,,
20.46,23.82,,
4.57,24.43,,
4.38,11.7,,
26.57,3.89,,
10.84,18.45,,
6.87,23.09,,
32.01,16.41,,
11.76,15.67,,
14.77,17.7,,
40.62,14.06,,
2.99,12.61,,
9.03,18.75,,
34.04,8.28,,
31.29,17.45,,
3.03,5.57,,
27.19,13.54,,
15.05,22.28,,
34.78,10.48,,
6.88,19.28,,
18.99,10.05,,
36.43,9.02,,
3.95,6.68,,
36.91,12.26,,
28.93,0.14,,
60.51,15,,
14.81,6.74,,
27.3,3.1,,
59.13,25.29,,
19.48,15.71,,
17.62,32.18,,
101.28,24.7,,
20.47,8.57,,
40.1,22.32,,
19.24,19.75,,
20.43,3.94,,
7.68,11.4,,
21.32,19.56,,
26.48,15.38,,
112.51,5.74,,
11.62,9.78,,
34,3.06,,
18.28,20.81,,
14.11,14.21,,
12.02,37.88,,
10.92,10.37,,
42.94,10.45,,
6.96,22.81,,
16.9,5.51,,
13.12,7.77,,
32,22.37,,
10.79,15.26,,
28.25,17.75,,
5.77,22.99,,
6.61,21.61,,
20.48,15.99,,
27.52,7.59,,
30.19,10.46,,
160.55,9.98,,
17,22.69,,
23.3,8.35,,
32.96,2.67,,
19.94,7.9,,
17.67,16.93,,
3.03,5.76,,
18.16,7.01,,
26.16,14.45,,
23.24,24.18,,
9.18,11.04,,
2.46,7.05,,
2.91,17.44,,
12.58,12.91,,
31.77,41.11,,
11.72,91.49,,
21.63,15.78,,
20.52,8.88,,
30.17,10.81,,
3.97,12.25,,
13.12,9.01,,
34.45,14.57,,
3.66,41.53,,
18.6,15.95,,
25.42,2.22,,
7.7,24.68,,
25.75,0.8,,
15.76,14.68,,
7.66,11.8,,
13.44,18.74,,
11.66,35.87,,
16.77,20,,
72.84,8.31,,
122.53,11.05,,
20.5,10.51,,
11.69,26.93,,
5.67,10.18,,
4.19,20.02,,
8.35,13.02,,
26.02,40.5,,
15.81,8.08,,
16.09,7.57,,
2.48,6.91,,
2.9,8.5,,
52.2,26.17,,
19.22,20.33,,
0.01,35.27,,
22.03,3.47,,
30.08,32.76,,
14.51,32.12,,
32.68,10.18,,
5.01,6.94,,
2.25,16.95,,
8.73,15.11,,
18.6,28.74,,
39.29,38.8,,
21.53,22.71,,
33.94,13.67,,
18.66,9.16,,
100.01,11.58,,
26.72,9.54,,
23.68,15.55,,
56.39,16.35,,
18.3,26.28,,
31.52,6.18,,
5.53,58.76,,
22.42,15.11,,
26.98,12.94,,
9.33,16.1,,
20.56,9.44,,
8.68,25.92,,
1.12,8.96,,
24.73,4.13,,
30.08,3.06,,
2.55,17.06,,
30.9,12.08,,
14.97,14.11,,
33.3,6.19,,
8.81,24.01,,
20.28,12.25,,
3.03,17.93,,
17.31,5.79,,
26.59,30.4,,
44.28,5.1,,
14.31,17.2,,
18.5,16.11,,
23.92,10.72,,
52.82,9.2,,
21.92,6.07,,
50.18,9.27,,
49.54,23.89,,
8.9,25.66,,
17.14,13.98,,
44.99,16.45,,
9.05,22.31,,
25.96,9.51,,
35.83,105.49,,
30.34,22.68,,
26.03,3.81,,
37.67,49.78,,
30.25,7.38,,
27.86,8.01,,
11.16,11.83,,
2.47,19.46,,
2.9,8.87,,
35.5,35.82,,
9.83,22.84,,
6.6,14.47,,
38.44,21.04,,
13.88,17.17,,
9.94,15.69,,
20.67,7.51,,
38.49,11.92,,
55.21,27.7,,
13.97,13.1,,
26.74,20.69,,
21.08,5.23,,
22.31,11.67,,
13.87,18.16,,
24.07,8.5,,
9.62,26.93,,
33.34,23.46,,
18.72,8.75,,
20.61,57.94,,
7.49,5.41,,
12.53,14.68,,
32.63,11.09,,
9.04,16.56,,
21.44,24.09,,
42.59,9.78,,
16.15,21.8,,
51.7,21.25,,
2.73,29.88,,
20.74,6.33,,
40.84,11.19,,
2.68,19.74,,
18.39,21.18,,
9.27,31.27,,
14.93,3.35,,
17.91,16.2,,
29.8,16.86,,
28.89,8.93,,
4.36,24.72,,
4.25,2.41,,
3.96,36.59,,
3.99,4.94,,
4.26,47.68,,
4.34,31.52,,
4.37,0.75,,
2.76,8.12,,
50.92,6.18,,
13.54,13.73,,
44.87,10.1,,
7.01,18.85,,
10.64,11.23,,
8.1,21.14,,
30.37,8.48,,
23.39,21.45,,
30.47,16.61,,
21.42,7.06,,
2.15,25.66,,
18.6,26.36,,
25.12,3.52,,
29.16,30.63,,
5.2,5.98,,
12.03,10.89,,
33.83,7.36,,
51.2,19,,
0.98,39.81,,
23.76,11.32,,
17.2,19.08,,
20.66,3.86,,
39.59,1.35,,
25.62,13.4,,
15.89,52.72,,
13.71,16.85,,
43.31,24.02,,
37.83,24.35,,
22.69,17.07,,
71.17,11.72,,
25.35,13.82,,
5.42,27.48,,
29.96,5.69,,
2.52,22.09,,
16.4,5.84,,
17.41,6.17,,
38.31,16.41,,
20.57,9.72,,
21.77,21.47,,
22.89,8.12,,
36,13.12,,
5.52,14.94,,
30.9,9.51,,
6.49,6.86,,
5.23,18.71,,
24.65,27.38,,
36.31,15.77,,
2.36,12.51,,
6.99,41.5,,
16.07,4.83,,
12.1,18.19,,
24.24,14.7,,
10.45,5.65,,
34.35,24.94,,
11.58,5.98,,
18.74,22.18,,
10.69,17.53,,
9.95,16.04,,
39.24,13.38,,
8.38,17.62,,
36.53,16.7,,
11.72,14.59,,
6.03,9.75,,
25.98,13.92,,
30.23,19.33,,
8.17,13.02,,
15.59,24.78,,
26.93,9.86,,
9.28,21.22,,
8.62,7.24,,
9.86,2.07,,
12.17,2.52,,
14.44,26.17,,
16.73,9.91,,
217.95,18.44,,
3.46,17.15,,
24.52,5.28,,
15.38,10.2,,
8.08,13.02,,
8.45,17.71,,
14.44,10.92,,
2.69,9.93,,
28.11,29.81,,
21.4,64.24,,
5.92,57.32,,
20.46,6.35,,
19.28,11.96,,
2.93,7.73,,
14.09,13.86,,
33.23,12.13,,
9.01,42.29,,
21.68,5.46,,
34.59,20.19,,
12.22,30.89,,
8.03,31.95,,
15.27,12.96,,
5.36,7.27,,
14.77,19.89,,
105.64,22.24,,
16.98,3.46,,
10.36,12.64,,
3.57,23.33,,
4.13,6.08,,
119.79,32.43,,
12.4,8.89,,
1.99,6.43,,
20.06,8.44,,
0.78,5.3,,
3.03,5.12,,
12.36,5.26,,
10.81,5.4,,
34.8,68.99,,
25.67,2.92,,
29.51,22.19,,
16.03,17.27,,
37.48,17.11,,
5.15,9.33,,
4.46,18.66,,
30.41,40.11,,
26.15,18.61,,
2.65,10.39,,
21.57,23.39,,
9.98,10.09,,
4.03,28.24,,
3.15,17.73,,
3.54,8.18,,
3.15,15.16,,
10.91,17.91,,
11.36,22.37,,
3.15,32.8,,
10.5,6.63,,
3.14,26.08,,
10.44,14.4,,
3.15,19.44,,
3.03,53.79,,
11.42,13.86,,
3.15,15.85,,
12.16,1.1,,
16.92,3.68,,
33.05,1.11,,
7.72,1.11,,
7.83,1.1,,
24.22,1.09,,
34.62,2.05,,
34.2,1.12,,
6.91,1.11,,
17,15.52,,
45.74,9.72,,
19.18,23.27,,
3.4,1.83,,
21.23,6,,
40.02,20.19,,
4.11,18.29,,
7.56,19.39,,
18.02,18.35,,
13.12,21.86,,
6.12,21.52,,
11.04,9.59,,
110.06,25.12,,
31.9,5.7,,
13.84,17.49,,
48.31,28.68,,
6.17,8.99,,
31.82,5.63,,
19.83,15.3,,
78.39,21.62,,
10.46,5.35,,
12.15,15.97,,
13.83,16.55,,
34.45,4.97,,
3.17,24.66,,
26.72,29.47,,
13.95,28.32,,
13.77,14.33,,
20.75,32.75,,
8.26,18.87,,
17.5,31.78,,
15.91,6.24,,
34.48,20.46,,
8.34,5.46,,
37.72,18.26,,
35.17,6.25,,
30.74,6.01,,
6.25,29.48,,
51.57,6.39,,
13.19,7.4,,
40.92,18.84,,
3.33,0.94,,
35.97,13.05,,
14.65,8.77,,
10.03,6,,
17.14,0.99,,
26.32,9.83,,
9.85,0.99,,
7.49,1,,
27.63,11.35,,
9.07,9.4,,
34.9,16.7,,
7.48,12.67,,
42.38,16.27,,
5.76,6.58,,
8.47,12.78,,
35.63,6.71,,
3.17,18.32,,
11.53,8.09,,
24.55,6.38,,
20.57,2.69,,
48.11,8.72,,
8.06,18.55,,
8.82,16.71,,
5.71,10.41,,
6.97,14.62,,
4.91,30.05,,
16.66,8.74,,
2.95,13.89,,
24.38,18.1,,
41.14,3.31,,
20.86,17.88,,
0.6,3.82,,
7.73,10.74,,
4.02,4.29,,
34.49,15.98,,
7.41,12.48,,
8.15,16.7,,
57.49,20.68,,
7.2,34.47,,
4.95,6.47,,
22.05,26.98,,
12.75,25.43,,
57.65,12.93,,
3.17,24.73,,
8.99,40.16,,
18.81,24.08,,
21.95,16.1,,
49.64,22.65,,
2.98,31.16,,
17.5,15.77,,
6.38,12.6,,
21.84,8.61,,
41.11,25.69,,
11.26,28.4,,
6.51,8.44,,
46.36,5.17,,
9.15,20.24,,
4.53,19.78,,
6.5,76.77,,
18.03,4.25,,
33.02,17.69,,
5.45,11.09,,
12.6,60.57,,
11.18,26.25,,
1.36,16.78,,
5.6,10.29,,
14.9,14.82,,
18.59,15.05,,
33.87,4.94,,
2.4,22.69,,
5.01,10.29,,
9.83,11.71,,
2.4,7.87,,
2.6,10.02,,
7.43,6.15,,
13.91,21.6,,
12.91,6.12,,
5.02,16.26,,
9,20.24,,
10.86,3.49,,
44.83,3.44,,
22.39,3.12,,
13.24,6.49,,
21.22,25.96,,
16.19,6.58,,
31.8,31.34,,
10,2.43,,
5.38,7.18,,
20.55,3.44,,
39.17,24.5,,
4.3,1.19,,
30.31,19.18,,
17.25,6.11,,
31.8,21.2,,
25.2,24.71,,
15.11,17.83,,
29.21,22.42,,
12.59,38.59,,
4.95,7.6,,
7.86,27.45,,
36.9,21.21,,
4.69,14.99,,
7.74,10.42,,
4.95,15.64,,
12.81,7.02,,
48.18,2.24,,
20.99,26.19,,
3.63,2.83,,
3.63,34.16,,
38.74,10.03,,
31.76,21.25,,
33.99,14.98,,
9.95,5.82,,
1.87,31.13,,
28.77,8.52,,
67.7,23.41,,
11.49,16.07,,
7.9,29.37,,
35.45,30.79,,
29.51,8.39,,
22.51,23.33,,
20.92,16.02,,
1.56,6.54,,
30.51,30.67,,
1.53,25.92,,
64.79,16.7,,
25.05,4.11,,
75.84,12.43,,
6.64,15.56,,
15.08,11.73,,
20.42,8.2,,
16.76,23.69,,
35.68,1.83,,
15.63,16.26,,
5.64,7.56,,
6.61,6.46,,
10.09,8.41,,
2.57,24.47,,
2.35,11.52,,
3.77,15.46,,
20.26,4.98,,
17.15,21.8,,
3.79,17.07,,
3.75,41.44,,
3.42,5.25,,
7.56,4.49,,
3.77,17.59,,
3.77,17.43,,
23.91,10.41,,
2.07,17.91,,
3.8,1.53,,
3.45,3.01,,
20.26,8.5,,
19.12,2.71,,
3.29,2.47,,
28.15,20.61,,
6.35,17.55,,
3.78,8.19,,
20.68,13.19,,
3.81,7.97,,
3.77,9.79,,
16.67,8.84,,
3.35,15.69,,
5.87,7.81,,
3.63,4.34,,
3.79,9.85,,
21.32,4.71,,
38.1,3.53,,
9.48,8.91,,
24.86,4.35,,
5.07,20.49,,
4.75,16.33,,
34.24,5.11,,
26.1,11.88,,
34.62,29.49,,
34.55,19.06,,
19.51,6.21,,
56.93,10.15,,
24.68,0.81,,
38.49,12.9,,
36.87,13.92,,
18.34,5.52,,
8.51,19.55,,
14.89,7.79,,
4.91,14.12,,
63.33,12.64,,
2.12,9.65,,
38.79,13.91,,
17.24,10.1,,
32.1,16.44,,
7.42,6.81,,
27.59,5.18,,
18.19,11.86,,
23.66,8.74,,
2.34,11.45,,
2.52,14.44,,
34.07,19.2,,
2.46,11.72,,
8.43,13.65,,
15.3,1.97,,
41.39,6.34,,
2.49,7.68,,
8.26,9.75,,
1.57,14.31,,
22.52,9.01,,
44.8,18.2,,
24.22,5.22,,
1.61,7.66,,
33.12,11.65,,
8.17,13.28,,
8.17,1.28,,
26.17,19.57,,
15.57,4.12,,
46.45,17.04,,
56.31,2.2,,
18.47,10.4,,
42.66,12.27,,
27.37,6.53,,
16.31,10.71,,
21.76,17.68,,
7.85,10.73,,
17.71,12.53,,
31.62,15.04,,
36.42,13.25,,
14.33,16.63,,
16,7.51,,
50.74,8.44,,
10.97,11.59,,
28.11,5.05,,
29.16,10.75,,
27.74,9.28,,
24.89,2.79,,
5.51,9.93,,
30.29,11.11,,
18.07,9.48,,
6.87,6.61,,
10.8,11.06,,
3.16,2.76,,
3.37,16.61,,
2.1,2.5,,
31.68,10.95,,
31.72,16.75,,
4.52,1.17,,
38.16,10.89,,
48.49,16.28,,
14.06,5.4,,
48.72,6.09,,
20.03,8.25,,
24.32,38.12,,
23.37,8.87,,
1.43,15.95,,
21.9,16.15,,
2.88,13.79,,
0.52,7.39,,
14.63,6.35,,
25.65,4.88,,
6.95,10.53,,
5.72,14.04,,
5.07,14.51,,
2.96,14.8,,
31.41,4.59,,
4.07,15.15,,
5.69,14.91,,
26.29,6.34,,
26.65,26.23,,
11.76,10.74,,
21.06,9.82,,
24.11,7.4,,
5.85,17.05,,
41.53,12.57,,
18.33,6.3,,
2.09,16.23,,
31.1,8.72,,
91.48,23.62,,
39.22,20.26,,
27.56,12.96,,
41.6,14.54,,
16.74,23.97,,
22.71,9.95,,
3.59,10.41,,
7.64,4.33,,
37.98,16.34,,
23.61,6.87,,
26.8,2.61,,
58.83,2.55,,
7.66,21.71,,
13.88,19.55,,
8.59,29.31,,
44.29,7,,
8.48,1.58,,
14.43,22.26,,
26.34,15.09,,
20.81,5.54,,
9.23,9.39,,
70.17,14.22,,
18.92,1.7,,
25.11,6.96,,
38.73,7.1,,
4.12,3.83,,
22.18,5.35,,
23.56,2.84,,
2.53,13.88,,
6.26,2.2,,
4.82,6.21,,
29.36,12.68,,
17.42,14.07,,
47.57,14.06,,
11.45,10.83,,
17.44,15.58,,
18.31,4.23,,
13.38,13.84,,
52.89,4.35,,
9.28,8.96,,
18.39,7.58,,
31.63,20.25,,
27.64,2.7,,
12.95,9.19,,
8.44,4.32,,
28.62,8.36,,
26.36,14.62,,
24.59,9.35,,
41.4,10.33,,
32.58,18.04,,
35.23,25.07,,
41.2,3.42,,
17.72,16.73,,
24.81,4.74,,
8.28,8.95,,
41.81,5.29,,
18.01,16.81,,
20.8,11.28,,
55.11,2.81,,
20.19,5.16,,
10.95,12.35,,
12.22,13.61,,
39.01,57.49,,
27.74,40.04,,
3.19,32.4,,
14.96,38.47,,
9.47,32.37,,
62.28,37.78,,
23.62,44.45,,
25.45,26.45,,
8.25,33.05,,
22.3,46.49,,
11.22,14.56,,
10.33,34.15,,
5.3,35.25,,
18.62,28.27,,
28.24,39.13,,
4.47,32.35,,
31.67,10.53,,
74.6,8.4,,
7.74,21.55,,
18.87,34.49,,
12.59,35.96,,
7.61,6.1,,
25.22,10.89,,
15.48,11.35,,
7.43,18.19,,
5.13,33.94,,
29.43,22.77,,
23.87,21.1,,
3.95,17.67,,
17.7,20.93,,
15.4,64.05,,
31.41,33.95,,
8.19,15.78,,
4.15,8.34,,
22.18,33.59,,
35.23,33.68,,
29.44,8.33,,
4.93,44.21,,
22.18,29.02,,
8.14,4.54,,
6.19,21.78,,
37.25,29.43,,
21.34,18.32,,
27.17,46.16,,
7.73,23.14,,
13.56,38.85,,
4.01,22.71,,
12.57,32.02,,
7.55,40.15,,
18.41,8.48,,
10.71,31.25,,
7.93,34.95,,
37.58,16.89,,
17.35,2.65,,
17.5,35.08,,
35.22,21.13,,
16.39,26.48,,
44.56,11.59,,
5.86,43.89,,
15.95,14.29,,
23.82,119.99,,
48.87,3.83,,
24.43,12.35,,
11.7,7.98,,
3.89,8.6,,
18.45,27.61,,
42.13,19.24,,
6.38,5.33,,
23.09,32.91,,
16.41,11.43,,
15.67,14.32,,
42.98,46.36,,
7.6,17.85,,
17.7,19.01,,
27.04,21.75,,
14.06,20.05,,
12.61,32.48,,
29.14,11.47,,
3.94,6.01,,
18.75,6.78,,
8.28,6.29,,
34.24,8.36,,
44.36,10.85,,
17.45,14.23,,
26.84,21.31,,
5.57,33.92,,
6.99,22.75,,
13.54,32.54,,
26.33,22.08,,
16.64,41.21,,
22.28,3.56,,
39.58,39.39,,
20.8,7.85,,
11.62,9.59,,
10.48,14.3,,
17.94,15.99,,
21.2,3.83,,
19.28,37.87,,
43.1,11.16,,
32.05,57.38,,
16.86,20.12,,
10.05,19.44,,
32.07,16.05,,
7.01,13.3,,
3.02,20.23,,
9.02,40.25,,
37.41,30.42,,
6.68,7.28,,
12.26,17.27,,
38.24,5.96,,
0.14,46.86,,
7.63,39.42,,
15,24.77,,
18.27,23.21,,
11.51,61.04,,
15.61,41.75,,
6.74,27.96,,
29.49,19.06,,
16.39,4.94,,
3.1,22.49,,
25.29,21.3,,
36.35,30.13,,
6.89,54.66,,
15.71,4.91,,
33.37,35.49,,
2.74,14.44,,
28.7,4.53,,
59.02,5.95,,
32.18,18.99,,
14.18,19.42,,
24.7,20.75,,
38.07,21.55,,
1.23,2.99,,
8.57,98.33,,
22.32,45.2,,
16.16,12.21,,
19.75,10.12,,
3.94,38.47,,
42.23,38.38,,
11.4,12.51,,
19.56,34.62,,
34.8,10.37,,
2.63,5.05,,
15.38,14.7,,
40.12,31.4,,
5.74,2.57,,
9.78,21.8,,
3.06,19.22,,
14.92,16.06,,
20.81,8.69,,
25.65,16.4,,
14.21,26.66,,
37.88,28.89,,
21.67,9.14,,
27.61,31.69,,
2.27,9.81,,
10.37,15.05,,
10.45,23.71,,
6.57,9.76,,
29.32,13.59,,
5.4,45.02,,
22.81,19.37,,
5.51,27.44,,
7.77,33.21,,
32.43,12.77,,
22.37,9.85,,
22.67,2.19,,
15.26,16.56,,
39.41,23.02,,
17.94,1.67,,
17.75,15.23,,
22.98,15.1,,
8.06,16.08,,
22.99,8.71,,
64.11,7.4,,
21.61,9.15,,
22.36,15.29,,
58.72,69.57,,
15.99,11.23,,
42.16,8.58,,
18.16,10.18,,
7.59,15.53,,
16.87,11.13,,
10.46,12.96,,
42.64,8.87,,
18.23,10.4,,
9.98,10.44,,
31.2,10.68,,
20.7,18.31,,
22.69,6.33,,
8.35,4.99,,
2.67,10.86,,
7.9,5.13,,
16.93,30.54,,
5.76,36.51,,
7.01,3.54,,
14.45,40.71,,
2.82,32.42,,
24.18,0.16,,
0.54,26.77,,
12.04,35.71,,
8.38,4.3,,
17.89,48,,
11.04,9.24,,
24.92,47.32,,
7.05,34.71,,
17.44,27.82,,
12.91,48.89,,
41.11,132.41,,
43.08,0.7,,
6.31,17.84,,
91.49,36.7,,
15.78,10.17,,
47.21,30.13,,
18.76,21.81,,
8.88,15.66,,
7.52,13.98,,
10.81,23.46,,
40.87,23.65,,
3.14,42.61,,
12.25,3.38,,
7.32,34.68,,
12.52,53.73,,
9.01,13.83,,
11.16,38.73,,
8.92,46.3,,
14.57,70.06,,
41.03,18.19,,
41.53,34.46,,
15.95,16.65,,
2.22,4.29,,
26.51,40.95,,
24.68,49.25,,
0.8,39.33,,
63.11,3.39,,
94.14,12.4,,
18.76,12.89,,
33.89,18.78,,
18.1,10.16,,
14.68,17.7,,
43.82,22.09,,
12.42,15.45,,
11.8,3.75,,
22.46,38.57,,
16.68,21.43,,
18.74,63.15,,
27.8,4.86,,
35.87,29.22,,
20,13.65,,
8.31,42.26,,
9.01,13.64,,
20.78,12.39,,
36.44,16.68,,
18.89,13.08,,
11.05,29.57,,
49.72,28.42,,
10.51,35.21,,
12.03,14.28,,
26.93,22.22,,
10.18,21.44,,
41.13,2.24,,
20.02,39.75,,
3.02,1.03,,
13.02,40.34,,
40.5,15.54,,
18.35,22.45,,
17.42,29.7,,
8.08,7.31,,
15.96,11.42,,
16.79,17.87,,
7.57,36.27,,
25.41,10.76,,
6.91,48.27,,
8.5,5.64,,
6.96,38.84,,
20.32,4.51,,
26.17,25.76,,
46.1,23.01,,
20.33,14.56,,
35.27,43.13,,
3.47,3.71,,
32.76,33.87,,
32.12,18.86,,
10.18,14.76,,
6.94,49.11,,
16.95,13.29,,
15.11,16.84,,
28.74,36.15,,
17.37,18.5,,
38.8,7.71,,
22.71,25.27,,
23.78,18.28,,
13.67,16.57,,
9.16,1.33,,
11.58,44.48,,
26.48,5.6,,
2.26,13.61,,
9.54,24.11,,
40.71,24.96,,
15.55,25.26,,
31.4,32.68,,
16.35,24.51,,
7.28,15.47,,
41.73,31.33,,
26.28,9.32,,
49.11,5.14,,
6.18,4.57,,
29.01,13.35,,
58.76,9.64,,
190.25,9.71,,
1.91,15.73,,
15.11,19.98,,
30.4,13.7,,
16.94,4.78,,
12.94,3.81,,
55,30.66,,
14.42,2.64,,
16.1,16.25,,
29.06,25.75,,
12.35,17.74,,
16.35,3,,
9.44,17.68,,
31.2,67.89,,
19.17,57.68,,
25.92,6.54,,
53.8,7.18,,
8.96,8.5,,
70.94,26.45,,
15.48,18.06,,
9.48,22.5,,
69.34,11.57,,
4.13,11.11,,
11.91,4.59,,
3.06,43.06,,
27.62,35.22,,
17.06,57.95,,
3.45,18.95,,
43.62,10.5,,
12.08,32.36,,
17.42,53.09,,
13.49,21.18,,
37.3,56.77,,
101.24,51.05,,
3.02,15.5,,
14.11,12.85,,
30.9,20.17,,
6.19,23,,
24.01,35.63,,
12.25,15.69,,
17.93,40.31,,
73.39,46.87,,
5.79,2.53,,
30.4,10.91,,
5.1,38.55,,
17.2,44.37,,
26.61,34.07,,
69.11,4.09,,
16.11,27.66,,
10.72,5.09,,
16.87,36.37,,
9.2,26.17,,
39.84,21.14,,
6.07,6.01,,
9.27,16.35,,
23.89,2.6,,
12.32,2.11,,
33.25,50.89,,
5.72,30.89,,
25.66,41.67,,
13.98,10.35,,
16.45,14.95,,
13.08,13.89,,
50.37,10.32,,
22.31,44.39,,
8.36,2.99,,
9.51,51.45,,
143.79,38.35,,
85.94,6.05,,
105.49,22.52,,
5.76,25.66,,
1.99,4.55,,
50.91,34.61,,
11.02,5.06,,
22.68,18.42,,
3.81,33.73,,
49.78,8.24,,
32.31,17.26,,
28.75,22.97,,
27.29,14,,
4.78,48.61,,
7.38,20.07,,
42.46,89.02,,
8.01,17.97,,
38.73,20.22,,
5.54,18.11,,
11.83,14.77,,
19.46,27.49,,
6.16,5.97,,
8.87,21.86,,
52.79,45.06,,
35.82,25.35,,
17.85,30.32,,
43.17,9.96,,
4.07,34.94,,
10.2,34.13,,
22.84,1.64,,
24.01,18.72,,
4.28,40.31,,
14.47,9.99,,
62.95,20.31,,
21.04,3.35,,
55.2,21.52,,
17.17,16.91,,
5.65,6.16,,
15.69,5.69,,
42.68,23.11,,
7.51,31.56,,
11.92,7.83,,
42.86,35.9,,
27.7,38.92,,
13.1,2.33,,
40.17,13.76,,
10.2,24.79,,
11.45,28.11,,
20.69,30.95,,
5.23,20.1,,
31.84,11.41,,
6.02,3.01,,
7.36,8.56,,
3.57,22.69,,
11.67,8.92,,
58.66,17.12,,
5.62,12.09,,
3.02,27.53,,
3.02,24.37,,
18.16,18.1,,
10.37,11.63,,
8.5,17.22,,
26.93,4.45,,
56.23,24.97,,
9.73,29.92,,
23.46,45.73,,
11.74,23.9,,
8.75,40.6,,
30.42,17.68,,
57.94,42.59,,
5.41,32.18,,
14.68,22.14,,
11.09,21.27,,
48.55,4.67,,
16.56,15.23,,
44.5,23.85,,
3.91,24.77,,
24.09,20.05,,
9.78,27.11,,
51.71,16.59,,
11.28,20.18,,
21.8,47.94,,
6.99,14.88,,
39.98,2.08,,
26.42,26.53,,
21.25,6.85,,
5.09,13.48,,
29.88,1.99,,
64.96,17.33,,
6.33,14.7,,
2.03,22.14,,
8.34,18.29,,
42.73,23.4,,
9.5,18.38,,
11.19,10.29,,
16.89,16.4,,
19.74,5.21,,
21.18,10.29,,
31.27,5.69,,
12.01,9.2,,
3.35,21.19,,
16.2,25.47,,
22.88,36.09,,
16.86,19.73,,
3.78,20.19,,
8.93,19.37,,
39.8,18.5,,
3.1,40.61,,
24.72,22.37,,
29.85,31.17,,
7.87,3.66,,
2.41,26.73,,
36.59,1.65,,
2.02,12.23,,
4.94,28.85,,
6.35,6.87,,
1.98,21.73,,
47.68,8.42,,
31.52,7.27,,
1.58,7.02,,
0.75,43.93,,
8.12,11.84,,
41.33,13.63,,
7.82,11.5,,
14.89,5.08,,
3.46,15.92,,
1.49,17.09,,
6.18,13.25,,
13.73,7.14,,
1.49,11.87,,
10.1,16.84,,
2.17,16.53,,
18.85,6.08,,
11.23,15.9,,
21.14,24.92,,
1.49,20.65,,
8.48,3.87,,
21.45,31.79,,
16.61,2.89,,
1.49,25.43,,
7.06,20.49,,
1.46,7.8,,
25.66,,,
3.66,,,
26.36,,,
17.88,,,
3.52,,,
10.66,,,
6.55,,,
1.62,,,
30.63,,,
19.32,,,
40.83,,,
5.98,,,
10.89,,,
21.6,,,
7.36,,,
19,,,
39.81,,,
11.32,,,
19.08,,,
22.07,,,
3.86,,,
1.35,,,
70.05,,,
13.4,,,
52.72,,,
16.6,,,
16.85,,,
18.72,,,
24.02,,,
24.35,,,
21.77,,,
20,,,
347.4,,,
17.07,,,
11.72,,,
13.82,,,
43.91,,,
4.38,,,
27.48,,,
19.59,,,
5.69,,,
37.44,,,
14.73,,,
11.73,,,
22.09,,,
27.49,,,
1.91,,,
46.45,,,
5.84,,,
6.17,,,
27.84,,,
16.41,,,
18.41,,,
9.72,,,
36.11,,,
21.47,,,
14.41,,,
8.12,,,
37.03,,,
13.12,,,
19.27,,,
2.03,,,
7.37,,,
14.94,,,
5.85,,,
9.51,,,
13.36,,,
5.23,,,
6.86,,,
23.81,,,
18.71,,,
41.89,,,
19.19,,,
27.38,,,
15.77,,,
12.51,,,
28.43,,,
7.94,,,
41.5,,,
3.02,,,
4.83,,,
18.19,,,
142.98,,,
14.7,,,
5.65,,,
24.94,,,
3.62,,,
20.1,,,
5.98,,,
22.18,,,
1.73,,,
0.92,,,
10.93,,,
27.81,,,
10.6,,,
10.95,,,
17.53,,,
50.95,,,
16.04,,,
13.38,,,
32.51,,,
8.44,,,
17.62,,,
16.7,,,
14.59,,,
61.26,,,
18.22,,,
9.75,,,
13.92,,,
19.33,,,
25.97,,,
13.02,,,
13.65,,,
37.9,,,
24.78,,,
40.65,,,
10.02,,,
21.05,,,
9.86,,,
21.22,,,
7.24,,,
2.07,,,
2.52,,,
262.41,,,
26.17,,,
48.15,,,
8.12,,,
9.91,,,
24.55,,,
24.04,,,
7.49,,,
18.44,,,
17.15,,,
5.28,,,
10.2,,,
13.02,,,
270.92,,,
38.58,,,
17.71,,,
45.46,,,
10.92,,,
9.93,,,
30,,,
53.05,,,
29.81,,,
35.95,,,
64.24,,,
57.32,,,
6.35,,,
11.96,,,
26.13,,,
49.05,,,
9.7,,,
7.73,,,
13.86,,,
1.83,,,
1.69,,,
18.19,,,
12.13,,,
43.66,,,
8.95,,,
42.29,,,
5.46,,,
12.09,,,
20.19,,,
47.16,,,
30.89,,,
31.95,,,
25.3,,,
24.01,,,
12.96,,,
37.28,,,
7.27,,,
19.89,,,
13.15,,,
22.24,,,
45.44,,,
3.46,,,
12.64,,,
41.17,,,
18.24,,,
23.33,,,
6.08,,,
11.43,,,
11.21,,,
26.26,,,
1.39,,,
4.04,,,
32.43,,,
8.89,,,
6.43,,,
15.04,,,
8.44,,,
146.5,,,
25.85,,,
18.22,,,
5.3,,,
5.12,,,
17.23,,,
5.26,,,
5.4,,,
68.99,,,
4.52,,,
2.92,,,
22.19,,,
37.41,,,
11.8,,,
17.27,,,
16.43,,,
4.37,,,
17.11,,,
10.07,,,
9.33,,,
2.79,,,
18.66,,,
40.11,,,
18.61,,,
10.39,,,
34.64,,,
15.03,,,
23.39,,,
22.46,,,
16.63,,,
10.09,,,
35.33,,,
5.07,,,
28.24,,,
9.45,,,
31.2,,,
17.73,,,
8.18,,,
40.41,,,
5.01,,,
15.16,,,
17.91,,,
30.77,,,
22.37,,,
19.57,,,
32.8,,,
33.82,,,
4.84,,,
6.63,,,
26.08,,,
2.71,,,
1.86,,,
14.4,,,
27.8,,,
24.16,,,
3.42,,,
19.44,,,
53.79,,,
3.98,,,
13.86,,,
3.66,,,
15.85,,,
1.1,,,
3.68,,,
24.23,,,
1.11,,,
1.11,,,
1.1,,,
1.09,,,
32.29,,,
2.05,,,
1.12,,,
19.48,,,
1.11,,,
46.02,,,
10.38,,,
15.52,,,
2.25,,,
1.95,,,
9.72,,,
23.27,,,
12.45,,,
1.83,,,
43.78,,,
18.68,,,
2.45,,,
1.94,,,
6,,,
3.03,,,
20.19,,,
15.67,,,
18.29,,,
32.3,,,
19.39,,,
18.35,,,
21.86,,,
6.5,,,
5.8,,,
21.52,,,
9.59,,,
25.12,,,
5.55,,,
39.68,,,
1.95,,,
1.36,,,
6.84,,,
5.7,,,
17.49,,,
28.68,,,
8.99,,,
12.45,,,
5.63,,,
36.09,,,
20.63,,,
15.3,,,
38.71,,,
30.32,,,
21.62,,,
37.22,,,
22.44,,,
5.42,,,
5.35,,,
23.22,,,
12.01,,,
2.57,,,
1.94,,,
15.97,,,
33.97,,,
22.07,,,
16.55,,,
4.97,,,
32.68,,,
24.66,,,
29.67,,,
22.21,,,
7.99,,,
11.69,,,
29.47,,,
6.09,,,
4.02,,,
28.32,,,
7.7,,,
7.73,,,
4.28,,,
14.33,,,
54.03,,,
32.75,,,
18.87,,,
35.26,,,
9.68,,,
31.78,,,
6.56,,,
16.78,,,
6.24,,,
54.19,,,
19.46,,,
3.38,,,
5.44,,,
7.02,,,
20.46,,,
2.56,,,
1.95,,,
5.46,,,
197.98,,,
26.41,,,
18.26,,,
31.74,,,
5.48,,,
6.25,,,
6.01,,,
29.48,,,
7.73,,,
6.39,,,
7.4,,,
18.84,,,
0.94,,,
1.99,,,
3.89,,,
2.01,,,
13.05,,,
1.99,,,
13.52,,,
8.77,,,
6,,,
3.22,,,
0.99,,,
1.97,,,
9.83,,,
2.24,,,
1.94,,,
0.99,,,
2.8,,,
1,,,
11.35,,,
14.54,,,
9.4,,,
16.7,,,
12.67,,,
16.27,,,
38.7,,,
6.58,,,
12.78,,,
6.71,,,
1.99,,,
18.32,,,
8.09,,,
6.38,,,
2.69,,,
8.72,,,
18.55,,,
1.8,,,
16.71,,,
10.41,,,
26.77,,,
2.53,,,
2.41,,,
14.62,,,
30.05,,,
8.74,,,
11.42,,,
10.62,,,
13.89,,,
15.21,,,
42.33,,,
18.1,,,
3.31,,,
17.88,,,
3.82,,,
10.74,,,
11.96,,,
4.29,,,
75.56,,,
14.76,,,
15.98,,,
12.48,,,
9.66,,,
16.7,,,
20.68,,,
10.84,,,
28.27,,,
34.47,,,
6.47,,,
9.52,,,
26.98,,,
25.43,,,
22.55,,,
12.93,,,
4.61,,,
24.73,,,
3.62,,,
72.33,,,
5.53,,,
40.16,,,
8.08,,,
2.55,,,
11.42,,,
24.08,,,
97.16,,,
16.1,,,
22.65,,,
8.65,,,
31.16,,,
15.77,,,
12.6,,,
57.97,,,
19.19,,,
8.61,,,
25.69,,,
28.4,,,
25.92,,,
31.54,,,
8.44,,,
5.17,,,
20.24,,,
22.49,,,
80.72,,,
19.78,,,
76.77,,,
4.25,,,
17.69,,,
11.09,,,
13.27,,,
60.57,,,
26.25,,,
16.78,,,
13.76,,,
10.29,,,
9.85,,,
2.68,,,
1.95,,,
20.54,,,
14.82,,,
23.07,,,
3.91,,,
16.87,,,
15.05,,,
68.04,,,
4.94,,,
10.95,,,
22.69,,,
10.29,,,
11.71,,,
7.87,,,
31.53,,,
10.02,,,
227.35,,,
6.15,,,
21.6,,,
6.12,,,
33.55,,,
41.28,,,
16.26,,,
46.67,,,
20.24,,,
3.49,,,
3.44,,,
3.12,,,
15.64,,,
14.92,,,
6.49,,,
25.96,,,
8.18,,,
6.58,,,
6.32,,,
31.34,,,
12.64,,,
7.27,,,
4.2,,,
14.46,,,
2.43,,,
45.74,,,
3.79,,,
7.18,,,
36.92,,,
3.44,,,
232.15,,,
24.5,,,
1.19,,,
19.18,,,
6.11,,,
31.77,,,
6.19,,,
12.8,,,
21.2,,,
55.94,,,
24.71,,,
14.74,,,
17.83,,,
22.42,,,
38.59,,,
7.6,,,
27.45,,,
21.21,,,
14.99,,,
13.93,,,
1.31,,,
31.8,,,
10.42,,,
17.77,,,
9.95,,,
4.28,,,
8.61,,,
15.64,,,
7.02,,,
55.59,,,
2.24,,,
10.9,,,
26.19,,,
2.83,,,
170.57,,,
34.16,,,
20.49,,,
10.03,,,
21.25,,,
17.92,,,
14.98,,,
5.82,,,
31.13,,,
8.52,,,
23.41,,,
14.77,,,
16.07,,,
29.37,,,
30.79,,,
8.39,,,
23.33,,,
16.02,,,
6.54,,,
9.99,,,
30.67,,,
25.92,,,
16.7,,,
4.11,,,
3,,,
1.4,,,
2.93,,,
1.95,,,
12.43,,,
21.06,,,
20,,,
15.56,,,
11.73,,,
116.88,,,
8.2,,,
25.46,,,
23.69,,,
1.83,,,
29.34,,,
16.26,,,
20.31,,,
6.49,,,
7.56,,,
24.09,,,
6.46,,,
2.93,,,
1.94,,,
8.41,,,
45.24,,,
5.45,,,
1.53,,,
2.87,,,
24.47,,,
39.1,,,
3.31,,,
22.71,,,
11.52,,,
44.06,,,
6.08,,,
15.46,,,
4.98,,,
6.54,,,
21.8,,,
22.5,,,
8.9,,,
10.04,,,
17.07,,,
2.79,,,
1.94,,,
90.21,,,
41.44,,,
5.25,,,
4.49,,,
17.61,,,
52.52,,,
4.1,,,
17.59,,,
32.62,,,
3.34,,,
17.43,,,
10.41,,,
4.62,,,
1.95,,,
17.91,,,
4.9,,,
3.89,,,
3.66,,,
3.89,,,
4.01,,,
3.17,,,
4.01,,,
3.64,,,
3.33,,,
3.65,,,
3.43,,,
3.65,,,
3.77,,,
3.2,,,
3.18,,,
3.12,,,
2.93,,,
2.78,,,
2.79,,,
2.79,,,
3.3,,,
3.27,,,
13.83,,,
0.99,,,
1.53,,,
3.01,,,
8.5,,,
2.71,,,
2.47,,,
20.61,,,
9.92,,,
17.55,,,
8.19,,,
13.19,,,
7.97,,,
9.79,,,
20.18,,,
17.81,,,
11.98,,,
8.84,,,
34.82,,,
14.2,,,
15.69,,,
7.81,,,
33.54,,,
9.65,,,
50.03,,,
4.34,,,
9.85,,,
30.4,,,
3.02,,,
3.87,,,
57.28,,,
183.61,,,
4.71,,,
37.05,,,
3.53,,,
8.43,,,
8.91,,,
4.35,,,
20.49,,,
16.33,,,
5.11,,,
11.88,,,
26.38,,,
29.49,,,
19.06,,,
1.94,,,
1.9,,,
1.51,,,
6.21,,,
1.52,,,
3.09,,,
1.92,,,
10.15,,,
1.69,,,
0.81,,,
0.81,,,
1.91,,,
12.9,,,
1.89,,,
1.89,,,
1.01,,,
1.9,,,
1.99,,,
1.53,,,
1.91,,,
1.87,,,
2.13,,,
1.68,,,
1.9,,,
13.92,,,
1.92,,,
4.75,,,
2.32,,,
5.52,,,
1.76,,,
1.89,,,
19.55,,,
1.78,,,
2.14,,,
1.9,,,
7.79,,,
58.3,,,
1.53,,,
14.12,,,
12.64,,,
18.09,,,
9.65,,,
13.91,,,
35.98,,,
8.26,,,
10.1,,,
16.44,,,
16.05,,,
6.81,,,
14.22,,,
5.18,,,
11.86,,,
8.74,,,
11.06,,,
33.98,,,
7.69,,,
4.76,,,
8.51,,,
2.03,,,
11.45,,,
14.44,,,
44.44,,,
5.05,,,
19.2,,,
11.72,,,
13.65,,,
1.97,,,
12.77,,,
16.3,,,
6.34,,,
4.61,,,
7.68,,,
8.64,,,
5.05,,,
0.51,,,
9.75,,,
30.44,,,
1.75,,,
56.73,,,
2.45,,,
14.31,,,
49.63,,,
7.09,,,
13.34,,,
9.01,,,
8.52,,,
18.2,,,
19.78,,,
172.8,,,
2,,,
5.22,,,
7.66,,,
11.65,,,
13.28,,,
36.69,,,
51.65,,,
1.28,,,
19.57,,,
2.14,,,
4.12,,,
17.04,,,
3.15,,,
2.2,,,
5.75,,,
7.01,,,
10.4,,,
14.03,,,
12.27,,,
6.53,,,
10.71,,,
17.68,,,
10.73,,,
12.53,,,
15.49,,,
15.04,,,
13.25,,,
31.66,,,
16.63,,,
45.34,,,
11.5,,,
7.51,,,
2.17,,,
8.44,,,
11.59,,,
5.05,,,
13.49,,,
11.44,,,
10.75,,,
19.99,,,
145.82,,,
97.65,,,
9.28,,,
2.79,,,
9.93,,,
13.67,,,
3.21,,,
11.11,,,
9.48,,,
28.21,,,
6.61,,,
41.86,,,
11.06,,,
2.76,,,
16.61,,,
2.5,,,
34.75,,,
11.35,,,
10.95,,,
40.44,,,
11.56,,,
16.75,,,
1.17,,,
34.14,,,
10.89,,,
19.74,,,
2.99,,,
16.28,,,
2.88,,,
5.4,,,
6.09,,,
10.14,,,
8.25,,,
5.58,,,
38.12,,,
8.87,,,
15.95,,,
43.01,,,
4.11,,,
16.15,,,
13.79,,,
16.43,,,
7.39,,,
39.09,,,
14.42,,,
6.35,,,
4.88,,,
10.09,,,
10.53,,,
8.03,,,
14.04,,,
16.65,,,
14.51,,,
56.16,,,
14.8,,,
4.59,,,
8.77,,,
12.49,,,
5.51,,,
15.15,,,
50.55,,,
14.91,,,
6.34,,,
26.23,,,
52.77,,,
3.44,,,
10.74,,,
9.82,,,
7.4,,,
17.05,,,
32.99,,,
6.77,,,
12.57,,,
6.3,,,
35,,,
3.8,,,
16.23,,,
8.72,,,
3.67,,,
3.67,,,
14.16,,,
23.62,,,
40.64,,,
24.54,,,
20.26,,,
12.96,,,
10.96,,,
14.54,,,
45.18,,,
23.97,,,
4.36,,,
9.95,,,
23.28,,,
40.01,,,
11.6,,,
10.41,,,
48.38,,,
4.33,,,
16.34,,,
5.49,,,
9.37,,,
6.87,,,
8.91,,,
2.61,,,
2.55,,,
21.71,,,
14.26,,,
19.55,,,
29.31,,,
7,,,
1.58,,,
2.01,,,
22.26,,,
15.09,,,
25.91,,,
1.44,,,
18.08,,,
2.27,,,
48.26,,,
5.54,,,
11.07,,,
9.39,,,
22.98,,,
6.48,,,
5.58,,,
14.22,,,
1.7,,,
6.96,,,
10.07,,,
7.1,,,
3.83,,,
48.39,,,
2.42,,,
5.35,,,
8.74,,,
120.58,,,
2.84,,,
13.88,,,
2.2,,,
6.21,,,
29.33,,,
6.78,,,
3.57,,,
12.68,,,
3.58,,,
14.07,,,
14.06,,,
10.83,,,
5.61,,,
41.8,,,
15.58,,,
4.23,,,
13.84,,,
1.36,,,
33.95,,,
4.35,,,
15.17,,,
8.96,,,
10.92,,,
7.58,,,
8.29,,,
20.25,,,
2.7,,,
25.96,,,
20.36,,,
9.19,,,
121.91,,,
4.32,,,
24.13,,,
8.36,,,
9.56,,,
14.62,,,
9.35,,,
29.91,,,
10.33,,,
18.04,,,
25.07,,,
3.42,,,
16.73,,,
4.74,,,
1.52,,,
14.11,,,
8.95,,,
5.29,,,
1.98,,,
2.65,,,
16.81,,,
12.84,,,
1.36,,,
2.9,,,
11.28,,,
2.81,,,
5.16,,,
12.35,,,
13.61,,,
27.6,,,
84.83,,,
40.3,,,
57.49,,,
40.04,,,
31.64,,,
4.11,,,
32.4,,,
3.11,,,
10.99,,,
5.03,,,
5.35,,,
28.21,,,
1.9,,,
14.99,,,
38.47,,,
32.37,,,
23.75,,,
38.51,,,
21.43,,,
37.78,,,
2.72,,,
32.96,,,
36.35,,,
44.45,,,
323.43,,,
36.82,,,
26.45,,,
3.11,,,
32.29,,,
16.34,,,
33.05,,,
16.76,,,
46.49,,,
14.56,,,
30.27,,,
3.11,,,
91.36,,,
34.15,,,
35.25,,,
67.72,,,
23.95,,,
37.62,,,
6.06,,,
28.27,,,
39.13,,,
35.86,,,
32.35,,,
7.19,,,
7.11,,,
6.42,,,
10.53,,,
52.98,,,
8.4,,,
21.55,,,
6.52,,,
34.49,,,
35.96,,,
6.1,,,
189.35,,,
10.89,,,
12.28,,,
11.35,,,
33.02,,,
18.19,,,
56.63,,,
33.94,,,
1.49,,,
21.57,,,
11.06,,,
22.77,,,
10.65,,,
4.42,,,
21.1,,,
17.67,,,
19.65,,,
4.8,,,
20.93,,,
64.05,,,
6.53,,,
16.53,,,
33.95,,,
15.78,,,
27.28,,,
5.07,,,
8.34,,,
33.59,,,
17.35,,,
10.65,,,
33.68,,,
16.67,,,
31.37,,,
8.33,,,
9.82,,,
44.21,,,
69.62,,,
10.26,,,
29.02,,,
4.54,,,
9.46,,,
21.78,,,
36.96,,,
24.33,,,
29.43,,,
18.32,,,
28.95,,,
39.78,,,
46.16,,,
22.84,,,
13.27,,,
23.14,,,
38.85,,,
22.71,,,
32.02,,,
56.12,,,
40.15,,,
8.48,,,
29.66,,,
55.63,,,
6.97,,,
31.25,,,
34.95,,,
16.89,,,
2.65,,,
35.08,,,
21.13,,,
26.48,,,
11.59,,,
62.86,,,
10.8,,,
87.81,,,
27.97,,,
134.34,,,
7.42,,,
43.89,,,
57.46,,,
14.29,,,
119.99,,,
3.83,,,
16.19,,,
7.5,,,
43.97,,,
11.65,,,
1.92,,,
12.35,,,
7.98,,,
44.97,,,
8.6,,,
27.61,,,
18.29,,,
19.24,,,
5.33,,,
32.91,,,
11.43,,,
89.82,,,
14.22,,,
49.18,,,
81.6,,,
105.41,,,
14.32,,,
32.19,,,
31.79,,,
21.15,,,
46.36,,,
31.97,,,
17.85,,,
19.01,,,
17.96,,,
16.59,,,
21.02,,,
2.99,,,
7.59,,,
56.6,,,
29.49,,,
48.17,,,
17.43,,,
34.43,,,
21.75,,,
58.69,,,
20.05,,,
43.54,,,
8.03,,,
32.48,,,
40.66,,,
11.47,,,
50.97,,,
6.01,,,
30.8,,,
6.78,,,
21.48,,,
28.01,,,
6.29,,,
8.36,,,
46.85,,,
28.34,,,
9.97,,,
99.22,,,
55.58,,,
9.21,,,
40.72,,,
52.8,,,
7.68,,,
19.09,,,
10.85,,,
15.39,,,
14.23,,,
21.31,,,
31.43,,,
8.18,,,
16.19,,,
33.92,,,
22.75,,,
85.61,,,
32.54,,,
35.67,,,
22.08,,,
41.21,,,
3.56,,,
39.39,,,
7.85,,,
9.59,,,
14.3,,,
55.64,,,
15.99,,,
24.43,,,
3.83,,,
37.87,,,
7.17,,,
5.22,,,
11.16,,,
57.38,,,
20.12,,,
19.44,,,
46.47,,,
16.05,,,
13.3,,,
20.23,,,
24.11,,,
40.25,,,
30.42,,,
59.73,,,
7.28,,,
17.27,,,
54.67,,,
5.96,,,
46.86,,,
5.54,,,
3.89,,,
60.33,,,
8.36,,,
39.42,,,
24.77,,,
23.21,,,
38.52,,,
61.04,,,
41.75,,,
12.2,,,
14.23,,,
53.93,,,
27.96,,,
13.23,,,
19.06,,,
4.94,,,
22.49,,,
21.3,,,
30.13,,,
54.66,,,
2.99,,,
8.82,,,
6.01,,,
2.94,,,
2.7,,,
4.91,,,
35.49,,,
14.44,,,
40.37,,,
4.53,,,
5.95,,,
0.8,,,
21.14,,,
18.99,,,
4.07,,,
2.63,,,
2.99,,,
19.42,,,
3.53,,,
6.67,,,
20.75,,,
21.55,,,
2.21,,,
4.46,,,
2.99,,,
98.33,,,
2.99,,,
45.2,,,
12.21,,,
10.12,,,
32.06,,,
21.76,,,
38.47,,,
7.59,,,
5.94,,,
38.38,,,
5.94,,,
40.49,,,
12.51,,,
34.62,,,
11.77,,,
10.84,,,
61.29,,,
19.81,,,
10.37,,,
9.62,,,
5.05,,,
31.37,,,
14.7,,,
31.4,,,
5.94,,,
2.57,,,
39.61,,,
21.8,,,
30.06,,,
2.56,,,
19.22,,,
19.68,,,
16.06,,,
8.69,,,
30.83,,,
16.4,,,
26.66,,,
28.89,,,
31.97,,,
9.14,,,
5.69,,,
0.74,,,
31.69,,,
9.81,,,
15.05,,,
26.59,,,
1.99,,,
31.92,,,
3.03,,,
6.47,,,
5.94,,,
23.71,,,
39.73,,,
32.65,,,
3.99,,,
9.76,,,
38.68,,,
9.85,,,
13.59,,,
1.99,,,
45.02,,,
19.37,,,
9.03,,,
27.44,,,
38.24,,,
33.21,,,
12.77,,,
32.21,,,
19.47,,,
9.85,,,
9.04,,,
6.2,,,
2.19,,,
16.56,,,
32.67,,,
3.21,,,
23.02,,,
26,,,
16.4,,,
1.67,,,
16.17,,,
15.23,,,
10.83,,,
23.04,,,
15.1,,,
7.26,,,
15.18,,,
10.29,,,
16.08,,,
18.42,,,
19.27,,,
8.71,,,
11.91,,,
7.4,,,
9.15,,,
37.9,,,
15.29,,,
5.23,,,
74.78,,,
69.57,,,
58.95,,,
1.94,,,
11.23,,,
107.2,,,
8.58,,,
161.96,,,
10.18,,,
65.8,,,
15.53,,,
140.45,,,
3.78,,,
48.33,,,
1.99,,,
11.13,,,
12.96,,,
1.49,,,
1.99,,,
39,,,
6.36,,,
49.67,,,
8.87,,,
66.15,,,
10.4,,,
47.19,,,
10.44,,,
37.05,,,
10.68,,,
46.61,,,
18.31,,,
84.87,,,
6.33,,,
43.04,,,
4.99,,,
10.86,,,
5.13,,,
30.54,,,
36.51,,,
3.54,,,
9.11,,,
40.71,,,
32.42,,,
74.34,,,
0.16,,,
41.21,,,
26.77,,,
35.71,,,
9.3,,,
4.3,,,
48,,,
9.24,,,
47.32,,,
34.71,,,
27.82,,,
48.89,,,
132.41,,,
0.7,,,
17.84,,,
48.99,,,
36.7,,,
10.17,,,
72.09,,,
30.13,,,
21.81,,,
8.17,,,
15.66,,,
86.74,,,
13.98,,,
46.74,,,
23.46,,,
26.24,,,
23.65,,,
42.61,,,
3.38,,,
34.68,,,
41.41,,,
53.73,,,
13.83,,,
1.99,,,
38.73,,,
46.3,,,
2.94,,,
2,,,
112.06,,,
70.06,,,
18.19,,,
2,,,
34.46,,,
16.65,,,
4.29,,,
40.95,,,
1.99,,,
49.25,,,
39.33,,,
33.15,,,
3.39,,,
12.4,,,
12.89,,,
12.57,,,
18.78,,,
10.16,,,
35.13,,,
17.7,,,
67.04,,,
22.09,,,
15.45,,,
37.39,,,
3.75,,,
10.87,,,
3.57,,,
38.57,,,
41.45,,,
21.43,,,
63.15,,,
4.86,,,
29.03,,,
18.84,,,
5.28,,,
29.22,,,
59.29,,,
13.65,,,
42.26,,,
58.69,,,
13.64,,,
12.39,,,
16.68,,,
48.98,,,
13.08,,,
12.13,,,
29.57,,,
28.42,,,
9.95,,,
35.21,,,
52.01,,,
14.28,,,
53.55,,,
22.22,,,
20.34,,,
9.84,,,
4.94,,,
2.67,,,
5.07,,,
21.44,,,
2.24,,,
5.99,,,
39.75,,,
6.63,,,
1.03,,,
40.34,,,
15.54,,,
3.9,,,
22.45,,,
29.7,,,
7.31,,,
5.78,,,
11.42,,,
17.87,,,
1.99,,,
89.34,,,
36.27,,,
6.93,,,
19.69,,,
10.76,,,
3.1,,,
48.27,,,
5.64,,,
38.84,,,
8.63,,,
4.51,,,
25.76,,,
36.11,,,
23.01,,,
14.56,,,
43.13,,,
3.71,,,
33.87,,,
28.82,,,
6.02,,,
18.86,,,
6.01,,,
14.76,,,
49.11,,,
13.29,,,
16.84,,,
36.15,,,
50.85,,,
15.41,,,
18.5,,,
7.71,,,
25.27,,,
18.28,,,
42.06,,,
16.57,,,
1.33,,,
44.48,,,
35.22,,,
21.23,,,
5.6,,,
13.61,,,
24.11,,,
24.96,,,
39.77,,,
12.23,,,
25.26,,,
32.68,,,
24.51,,,
79.68,,,
5.91,,,
15.47,,,
69.08,,,
5.9,,,
31.33,,,
13.42,,,
9.32,,,
46.99,,,
20.17,,,
5.14,,,
4.57,,,
43.28,,,
13.35,,,
41.29,,,
5.84,,,
9.64,,,
45.96,,,
3.54,,,
9.71,,,
49.46,,,
15.73,,,
19.98,,,
5.9,,,
13.7,,,
30.03,,,
8.37,,,
4.78,,,
3.81,,,
4.5,,,
30.66,,,
2.64,,,
16.25,,,
25.75,,,
50.37,,,
14.41,,,
5.12,,,
17.74,,,
3,,,
17.68,,,
43.34,,,
8.3,,,
67.89,,,
46.41,,,
57.68,,,
6.54,,,
7.18,,,
8.5,,,
26.45,,,
18.06,,,
21.33,,,
22.5,,,
11.57,,,
39.16,,,
11.11,,,
4.59,,,
43.06,,,
35.22,,,
6.01,,,
3.11,,,
73.61,,,
4.11,,,
2.75,,,
29.23,,,
57.95,,,
18.95,,,
48.87,,,
13.6,,,
10.5,,,
32.36,,,
41.69,,,
53.09,,,
21.18,,,
54.04,,,
9.3,,,
56.77,,,
51.05,,,
15.5,,,
24.66,,,
12.85,,,
20.17,,,
25.09,,,
23,,,
35.63,,,
15.69,,,
40.31,,,
46.87,,,
15.06,,,
2.53,,,
2.99,,,
10.91,,,
3.11,,,
38.55,,,
16.21,,,
3.11,,,
44.37,,,
34.07,,,
3.11,,,
4.09,,,
4.47,,,
6.11,,,
27.12,,,
27.66,,,
5.09,,,
43.62,,,
12.7,,,
36.37,,,
26.17,,,
21.14,,,
16.49,,,
6.01,,,
16.35,,,
17.36,,,
2.6,,,
2.12,,,
97.2,,,
2.11,,,
60.01,,,
50.89,,,
21.68,,,
30.89,,,
4.51,,,
41.67,,,
10.35,,,
14.95,,,
5.88,,,
13.89,,,
7.11,,,
7.24,,,
10.32,,,
44.39,,,
19.08,,,
2.99,,,
51.45,,,
38.35,,,
6.05,,,
98.65,,,
34.95,,,
9.75,,,
30.5,,,
9.75,,,
14.47,,,
3.03,,,
22.52,,,
25.66,,,
4.55,,,
20.45,,,
11.7,,,
34.61,,,
5.06,,,
18.42,,,
17.53,,,
33.73,,,
18.56,,,
8.24,,,
17.26,,,
28.84,,,
22.97,,,
14,,,
15.41,,,
8.13,,,
48.61,,,
22.32,,,
20.07,,,
89.02,,,
17.97,,,
20.22,,,
3.11,,,
18.11,,,
14.77,,,
27.49,,,
46.65,,,
5.97,,,
21.86,,,
3.01,,,
45.06,,,
38.15,,,
3.01,,,
25.35,,,
26.7,,,
15.75,,,
47.47,,,
3.11,,,
7.59,,,
30.32,,,
9.96,,,
34.94,,,
123.8,,,
3.01,,,
34.13,,,
1.64,,,
18.72,,,
8.53,,,
109.23,,,
40.31,,,
9.99,,,
20.31,,,
3.35,,,
21.52,,,
16.91,,,
6.16,,,
4.38,,,
4.33,,,
4.13,,,
4.35,,,
4.12,,,
5.69,,,
23.11,,,
31.56,,,
7.83,,,
6.01,,,
35.9,,,
38.92,,,
2.33,,,
13.76,,,
26.19,,,
17.73,,,
66.22,,,
6.21,,,
24.79,,,
28.32,,,
28.11,,,
6.49,,,
30.95,,,
20.1,,,
11.41,,,
50.84,,,
3.29,,,
3.01,,,
8.56,,,
37.59,,,
22.69,,,
8.92,,,
17.12,,,
22.44,,,
12.09,,,
27.53,,,
46.96,,,
24.37,,,
2.31,,,
13.17,,,
18.1,,,
14.59,,,
11.63,,,
17.22,,,
35.39,,,
4.45,,,
24.97,,,
29.92,,,
5.24,,,
45.73,,,
35.47,,,
72.55,,,
6.87,,,
23.9,,,
37.37,,,
40.6,,,
17.68,,,
42.59,,,
32.18,,,
22.14,,,
21.27,,,
4.67,,,
15.23,,,
23.85,,,
24.77,,,
67.17,,,
8.68,,,
51.11,,,
20.05,,,
51.56,,,
27.11,,,
16.59,,,
20.18,,,
47.94,,,
14.88,,,
2.08,,,
11.35,,,
15.9,,,
18.64,,,
2.17,,,
26.61,,,
35.03,,,
9.6,,,
6.85,,,
26.53,,,
32.83,,,
11.02,,,
4.84,,,
6.85,,,
62.65,,,
13.48,,,
1.99,,,
5.21,,,
17.33,,,
41.95,,,
14.7,,,
22.14,,,
42.4,,,
18.29,,,
23.4,,,
18.38,,,
58.18,,,
10.29,,,
16.4,,,
34.07,,,
3.08,,,
5.21,,,
10.29,,,
128.26,,,
5.69,,,
9.2,,,
21.19,,,
51.64,,,
11.98,,,
25.47,,,
36.09,,,
15.22,,,
44.29,,,
15.33,,,
19.73,,,
84.02,,,
20.19,,,
19.37,,,
4.75,,,
18.5,,,
40.61,,,
28.65,,,
22.37,,,
11.93,,,
31.17,,,
31.59,,,
3.66,,,
26.73,,,
1.65,,,
29.55,,,
12.23,,,
27.83,,,
10.96,,,
28.85,,,
6.87,,,
67.47,,,
3.76,,,
21.73,,,
15.84,,,
4.4,,,
8.42,,,
7.27,,,
7.02,,,
67.61,,,
19.73,,,
2.89,,,
14.65,,,
43.93,,,
11.84,,,
13.63,,,
55.78,,,
24.66,,,
11.5,,,
5.08,,,
15.92,,,
17.09,,,
81.26,,,
13.25,,,
25.24,,,
10.7,,,
7.14,,,
11.87,,,
16.84,,,
26.16,,,
16.53,,,
30.19,,,
6.08,,,
5.3,,,
4.33,,,
15.9,,,
79.91,,,
5.83,,,
24.92,,,
46.18,,,
26.98,,,
20.65,,,
3.87,,,
31.79,,,
75.6,,,
5.39,,,
2.89,,,
25.43,,,
44.57,,,
3.9,,,
20.49,,,
18.05,,,
24.01,,,
7.8,,,
49.81,,,